department,measure,quarter,performance_rate,national_benchmark,gap_to_benchmark,denominator,numerator,above_benchmark,performance_pct,benchmark_pct,gap_pct
Cardiology,BP_Control,2023-Q1,0.8304,0.7286,0.1018,500,415,1,83.0,72.9,10.2
Cardiology,BP_Control,2023-Q2,0.8398,0.7943,0.0455,245,206,1,84.0,79.4,4.6
Cardiology,BP_Control,2023-Q3,0.8965,0.7318,0.1647,595,533,1,89.6,73.2,16.5
Cardiology,BP_Control,2023-Q4,0.8362,0.8191,0.0171,418,350,1,83.6,81.9,1.7
Cardiology,BP_Control,2024-Q1,0.8418,0.8348,0.007,392,330,1,84.2,83.5,0.7
Cardiology,BP_Control,2024-Q2,0.8441,0.7277,0.1164,291,246,1,84.4,72.8,11.6
Cardiology,BP_Control,2024-Q3,0.8369,0.8337,0.0032,344,288,1,83.7,83.4,0.3
Cardiology,BP_Control,2024-Q4,0.8716,0.8791,-0.0075,577,503,0,87.2,87.9,-0.8
Cardiology,BP_Control,2025-Q1,0.8958,0.8036,0.0922,232,208,1,89.6,80.4,9.2
Cardiology,BP_Control,2025-Q2,0.8608,0.8613,-0.0005,463,399,0,86.1,86.1,-0.0
Cardiology,BP_Control,2025-Q3,0.9103,0.7207,0.1896,571,520,1,91.0,72.1,19.0
Cardiology,BP_Control,2025-Q4,0.9117,0.8241,0.0876,500,456,1,91.2,82.4,8.8
Cardiology,HbA1c_Testing,2023-Q1,0.7041,0.7579,-0.0538,362,255,0,70.4,75.8,-5.4
Cardiology,HbA1c_Testing,2023-Q2,0.7034,0.7802,-0.0768,455,320,0,70.3,78.0,-7.7
Cardiology,HbA1c_Testing,2023-Q3,0.767,0.7916,-0.0246,552,423,0,76.7,79.2,-2.5
Cardiology,HbA1c_Testing,2023-Q4,0.7279,0.8505,-0.1226,329,239,0,72.8,85.0,-12.3
Cardiology,HbA1c_Testing,2024-Q1,0.7406,0.8719,-0.1313,575,426,0,74.1,87.2,-13.1
Cardiology,HbA1c_Testing,2024-Q2,0.7872,0.8638,-0.0766,141,111,0,78.7,86.4,-7.7
Cardiology,HbA1c_Testing,2024-Q3,0.7563,0.8511,-0.0948,410,310,0,75.6,85.1,-9.5
Cardiology,HbA1c_Testing,2024-Q4,0.7739,0.7338,0.0401,226,175,1,77.4,73.4,4.0
Cardiology,HbA1c_Testing,2025-Q1,0.7936,0.7638,0.0298,136,108,1,79.4,76.4,3.0
Cardiology,HbA1c_Testing,2025-Q2,0.8163,0.8433,-0.027,587,479,0,81.6,84.3,-2.7
Cardiology,HbA1c_Testing,2025-Q3,0.8139,0.7827,0.0312,411,335,1,81.4,78.3,3.1
Cardiology,HbA1c_Testing,2025-Q4,0.8022,0.7351,0.0671,490,393,1,80.2,73.5,6.7
Cardiology,Colorectal_Screening,2023-Q1,0.582,0.7856,-0.2036,309,180,0,58.2,78.6,-20.4
Cardiology,Colorectal_Screening,2023-Q2,0.6123,0.8261,-0.2138,343,210,0,61.2,82.6,-21.4
Cardiology,Colorectal_Screening,2023-Q3,0.5978,0.711,-0.1132,241,144,0,59.8,71.1,-11.3
Cardiology,Colorectal_Screening,2023-Q4,0.6176,0.763,-0.1454,140,86,0,61.8,76.3,-14.5
Cardiology,Colorectal_Screening,2024-Q1,0.6261,0.7084,-0.0823,203,127,0,62.6,70.8,-8.2
Cardiology,Colorectal_Screening,2024-Q2,0.6248,0.7362,-0.1114,181,113,0,62.5,73.6,-11.1
Cardiology,Colorectal_Screening,2024-Q3,0.632,0.7736,-0.1416,486,307,0,63.2,77.4,-14.2
Cardiology,Colorectal_Screening,2024-Q4,0.6281,0.8524,-0.2243,556,349,0,62.8,85.2,-22.4
Cardiology,Colorectal_Screening,2025-Q1,0.642,0.7634,-0.1214,571,367,0,64.2,76.3,-12.1
Cardiology,Colorectal_Screening,2025-Q2,0.6312,0.8398,-0.2086,80,50,0,63.1,84.0,-20.9
Cardiology,Colorectal_Screening,2025-Q3,0.6954,0.7788,-0.0834,239,166,0,69.5,77.9,-8.3
Cardiology,Colorectal_Screening,2025-Q4,0.6815,0.8586,-0.1771,559,381,0,68.2,85.9,-17.7
Cardiology,Mammography,2023-Q1,0.5995,0.8334,-0.2339,413,248,0,60.0,83.3,-23.4
Cardiology,Mammography,2023-Q2,0.6274,0.7017,-0.0743,382,240,0,62.7,70.2,-7.4
Cardiology,Mammography,2023-Q3,0.6016,0.7321,-0.1305,549,330,0,60.2,73.2,-13.0
Cardiology,Mammography,2023-Q4,0.6007,0.7283,-0.1276,104,62,0,60.1,72.8,-12.8
Cardiology,Mammography,2024-Q1,0.6367,0.8238,-0.1871,295,188,0,63.7,82.4,-18.7
Cardiology,Mammography,2024-Q2,0.599,0.7921,-0.1931,183,110,0,59.9,79.2,-19.3
Cardiology,Mammography,2024-Q3,0.6283,0.7877,-0.1594,496,312,0,62.8,78.8,-15.9
Cardiology,Mammography,2024-Q4,0.646,0.7831,-0.1371,218,141,0,64.6,78.3,-13.7
Cardiology,Mammography,2025-Q1,0.6406,0.8679,-0.2273,251,161,0,64.1,86.8,-22.7
Cardiology,Mammography,2025-Q2,0.6042,0.8527,-0.2485,528,319,0,60.4,85.3,-24.8
Cardiology,Mammography,2025-Q3,0.6508,0.7062,-0.0554,436,284,0,65.1,70.6,-5.5
Cardiology,Mammography,2025-Q4,0.6527,0.7562,-0.1035,153,100,0,65.3,75.6,-10.4
Cardiology,Flu_Vaccine,2023-Q1,0.7495,0.7418,0.0077,148,111,1,75.0,74.2,0.8
Cardiology,Flu_Vaccine,2023-Q2,0.7513,0.7573,-0.006,396,298,0,75.1,75.7,-0.6
Cardiology,Flu_Vaccine,2023-Q3,0.7505,0.8792,-0.1287,359,269,0,75.0,87.9,-12.9
Cardiology,Flu_Vaccine,2023-Q4,0.741,0.8594,-0.1184,209,155,0,74.1,85.9,-11.8
Cardiology,Flu_Vaccine,2024-Q1,0.7941,0.7604,0.0337,135,107,1,79.4,76.0,3.4
Cardiology,Flu_Vaccine,2024-Q2,0.7992,0.8487,-0.0495,473,378,0,79.9,84.9,-5.0
Cardiology,Flu_Vaccine,2024-Q3,0.7945,0.8452,-0.0507,241,191,0,79.4,84.5,-5.1
Cardiology,Flu_Vaccine,2024-Q4,0.7874,0.8766,-0.0892,125,98,0,78.7,87.7,-8.9
Cardiology,Flu_Vaccine,2025-Q1,0.8255,0.8228,0.0027,526,434,1,82.6,82.3,0.3
Cardiology,Flu_Vaccine,2025-Q2,0.8328,0.8117,0.0211,480,400,1,83.3,81.2,2.1
Cardiology,Flu_Vaccine,2025-Q3,0.8476,0.8249,0.0227,190,161,1,84.8,82.5,2.3
Cardiology,Flu_Vaccine,2025-Q4,0.8845,0.7576,0.1269,439,388,1,88.4,75.8,12.7
Cardiology,Statin_Therapy,2023-Q1,0.6451,0.7707,-0.1256,146,94,0,64.5,77.1,-12.6
Cardiology,Statin_Therapy,2023-Q2,0.6001,0.7428,-0.1427,110,66,0,60.0,74.3,-14.3
Cardiology,Statin_Therapy,2023-Q3,0.5807,0.8263,-0.2456,562,326,0,58.1,82.6,-24.6
Cardiology,Statin_Therapy,2023-Q4,0.6404,0.7408,-0.1004,218,140,0,64.0,74.1,-10.0
Cardiology,Statin_Therapy,2024-Q1,0.6305,0.7279,-0.0974,136,86,0,63.0,72.8,-9.7
Cardiology,Statin_Therapy,2024-Q2,0.6145,0.8468,-0.2323,522,321,0,61.4,84.7,-23.2
Cardiology,Statin_Therapy,2024-Q3,0.6722,0.7691,-0.0969,525,353,0,67.2,76.9,-9.7
Cardiology,Statin_Therapy,2024-Q4,0.6816,0.7731,-0.0915,410,279,0,68.2,77.3,-9.2
Cardiology,Statin_Therapy,2025-Q1,0.6993,0.7516,-0.0523,84,59,0,69.9,75.2,-5.2
Cardiology,Statin_Therapy,2025-Q2,0.6793,0.7584,-0.0791,263,179,0,67.9,75.8,-7.9
Cardiology,Statin_Therapy,2025-Q3,0.7204,0.75,-0.0296,196,141,0,72.0,75.0,-3.0
Cardiology,Statin_Therapy,2025-Q4,0.6636,0.8245,-0.1609,501,332,0,66.4,82.4,-16.1
Cardiology,Readmission_Rate,2023-Q1,0.9198,0.7603,0.1595,250,230,1,92.0,76.0,16.0
Cardiology,Readmission_Rate,2023-Q2,0.9017,0.8701,0.0316,592,534,1,90.2,87.0,3.2
Cardiology,Readmission_Rate,2023-Q3,0.9192,0.8342,0.085,155,142,1,91.9,83.4,8.5
Cardiology,Readmission_Rate,2023-Q4,0.92,0.7839,0.1361,92,85,1,92.0,78.4,13.6
Cardiology,Readmission_Rate,2024-Q1,0.92,0.7658,0.1542,149,137,1,92.0,76.6,15.4
Cardiology,Readmission_Rate,2024-Q2,0.9661,0.7432,0.2229,112,108,1,96.6,74.3,22.3
Cardiology,Readmission_Rate,2024-Q3,0.9242,0.8716,0.0526,543,502,1,92.4,87.2,5.3
Cardiology,Readmission_Rate,2024-Q4,0.8684,0.7404,0.128,198,172,1,86.8,74.0,12.8
Cardiology,Readmission_Rate,2025-Q1,0.9552,0.7402,0.215,534,510,1,95.5,74.0,21.5
Cardiology,Readmission_Rate,2025-Q2,0.8734,0.8543,0.0191,474,414,1,87.3,85.4,1.9
Cardiology,Readmission_Rate,2025-Q3,0.9275,0.7534,0.1741,420,390,1,92.8,75.3,17.4
Cardiology,Readmission_Rate,2025-Q4,0.9318,0.8498,0.082,216,201,1,93.2,85.0,8.2
Cardiology,CAHPS_Composite,2023-Q1,0.6779,0.7054,-0.0275,91,62,0,67.8,70.5,-2.8
Cardiology,CAHPS_Composite,2023-Q2,0.7441,0.8787,-0.1346,436,324,0,74.4,87.9,-13.5
Cardiology,CAHPS_Composite,2023-Q3,0.7154,0.8198,-0.1044,589,421,0,71.5,82.0,-10.4
Cardiology,CAHPS_Composite,2023-Q4,0.7023,0.7015,0.0008,240,169,1,70.2,70.2,0.1
Cardiology,CAHPS_Composite,2024-Q1,0.7181,0.8121,-0.094,462,332,0,71.8,81.2,-9.4
Cardiology,CAHPS_Composite,2024-Q2,0.724,0.7065,0.0175,488,353,1,72.4,70.6,1.8
Cardiology,CAHPS_Composite,2024-Q3,0.7203,0.7957,-0.0754,353,254,0,72.0,79.6,-7.5
Cardiology,CAHPS_Composite,2024-Q4,0.7254,0.7521,-0.0267,209,152,0,72.5,75.2,-2.7
Cardiology,CAHPS_Composite,2025-Q1,0.7387,0.839,-0.1003,431,318,0,73.9,83.9,-10.0
Cardiology,CAHPS_Composite,2025-Q2,0.7697,0.8671,-0.0974,524,403,0,77.0,86.7,-9.7
Cardiology,CAHPS_Composite,2025-Q3,0.7327,0.818,-0.0853,405,297,0,73.3,81.8,-8.5
Cardiology,CAHPS_Composite,2025-Q4,0.7524,0.801,-0.0486,234,176,0,75.2,80.1,-4.9
Oncology,BP_Control,2023-Q1,0.8428,0.7776,0.0652,115,97,1,84.3,77.8,6.5
Oncology,BP_Control,2023-Q2,0.8556,0.7689,0.0867,271,232,1,85.6,76.9,8.7
Oncology,BP_Control,2023-Q3,0.8427,0.7603,0.0824,434,366,1,84.3,76.0,8.2
Oncology,BP_Control,2023-Q4,0.8421,0.7113,0.1308,169,142,1,84.2,71.1,13.1
Oncology,BP_Control,2024-Q1,0.8472,0.7869,0.0603,537,455,1,84.7,78.7,6.0
Oncology,BP_Control,2024-Q2,0.8642,0.8251,0.0391,451,390,1,86.4,82.5,3.9
Oncology,BP_Control,2024-Q3,0.8983,0.7136,0.1847,285,256,1,89.8,71.4,18.5
Oncology,BP_Control,2024-Q4,0.8844,0.7854,0.099,336,297,1,88.4,78.5,9.9
Oncology,BP_Control,2025-Q1,0.8528,0.8058,0.047,303,258,1,85.3,80.6,4.7
Oncology,BP_Control,2025-Q2,0.8914,0.712,0.1794,256,228,1,89.1,71.2,17.9
Oncology,BP_Control,2025-Q3,0.8757,0.7818,0.0939,282,247,1,87.6,78.2,9.4
Oncology,BP_Control,2025-Q4,0.8736,0.7481,0.1255,337,294,1,87.4,74.8,12.6
Oncology,HbA1c_Testing,2023-Q1,0.8148,0.8163,-0.0015,147,120,0,81.5,81.6,-0.2
Oncology,HbA1c_Testing,2023-Q2,0.8184,0.8124,0.006,584,478,1,81.8,81.2,0.6
Oncology,HbA1c_Testing,2023-Q3,0.9136,0.7762,0.1374,243,222,1,91.4,77.6,13.7
Oncology,HbA1c_Testing,2023-Q4,0.8449,0.7202,0.1247,355,300,1,84.5,72.0,12.5
Oncology,HbA1c_Testing,2024-Q1,0.8934,0.775,0.1184,171,153,1,89.3,77.5,11.8
Oncology,HbA1c_Testing,2024-Q2,0.8566,0.7714,0.0852,465,398,1,85.7,77.1,8.5
Oncology,HbA1c_Testing,2024-Q3,0.8597,0.7139,0.1458,232,199,1,86.0,71.4,14.6
Oncology,HbA1c_Testing,2024-Q4,0.8469,0.8689,-0.022,521,441,0,84.7,86.9,-2.2
Oncology,HbA1c_Testing,2025-Q1,0.8608,0.8386,0.0222,334,288,1,86.1,83.9,2.2
Oncology,HbA1c_Testing,2025-Q2,0.8686,0.7272,0.1414,224,195,1,86.9,72.7,14.1
Oncology,HbA1c_Testing,2025-Q3,0.8468,0.723,0.1238,347,294,1,84.7,72.3,12.4
Oncology,HbA1c_Testing,2025-Q4,0.8794,0.8625,0.0169,540,475,1,87.9,86.2,1.7
Oncology,Colorectal_Screening,2023-Q1,0.5806,0.7171,-0.1365,82,48,0,58.1,71.7,-13.6
Oncology,Colorectal_Screening,2023-Q2,0.5957,0.7193,-0.1236,190,113,0,59.6,71.9,-12.4
Oncology,Colorectal_Screening,2023-Q3,0.5659,0.7302,-0.1643,533,302,0,56.6,73.0,-16.4
Oncology,Colorectal_Screening,2023-Q4,0.5838,0.713,-0.1292,359,210,0,58.4,71.3,-12.9
Oncology,Colorectal_Screening,2024-Q1,0.6189,0.7078,-0.0889,337,209,0,61.9,70.8,-8.9
Oncology,Colorectal_Screening,2024-Q2,0.6015,0.7443,-0.1428,389,234,0,60.2,74.4,-14.3
Oncology,Colorectal_Screening,2024-Q3,0.6609,0.7997,-0.1388,202,134,0,66.1,80.0,-13.9
Oncology,Colorectal_Screening,2024-Q4,0.6274,0.8457,-0.2183,491,308,0,62.7,84.6,-21.8
Oncology,Colorectal_Screening,2025-Q1,0.6571,0.7928,-0.1357,579,380,0,65.7,79.3,-13.6
Oncology,Colorectal_Screening,2025-Q2,0.6338,0.8357,-0.2019,335,212,0,63.4,83.6,-20.2
Oncology,Colorectal_Screening,2025-Q3,0.6972,0.7015,-0.0043,94,66,0,69.7,70.2,-0.4
Oncology,Colorectal_Screening,2025-Q4,0.6543,0.7938,-0.1395,98,64,0,65.4,79.4,-14.0
Oncology,Mammography,2023-Q1,0.6905,0.8067,-0.1162,92,64,0,69.0,80.7,-11.6
Oncology,Mammography,2023-Q2,0.7125,0.7593,-0.0468,600,428,0,71.2,75.9,-4.7
Oncology,Mammography,2023-Q3,0.6772,0.7075,-0.0303,203,137,0,67.7,70.8,-3.0
Oncology,Mammography,2023-Q4,0.7208,0.7482,-0.0274,277,200,0,72.1,74.8,-2.7
Oncology,Mammography,2024-Q1,0.7136,0.739,-0.0254,105,75,0,71.4,73.9,-2.5
Oncology,Mammography,2024-Q2,0.7065,0.7612,-0.0547,114,81,0,70.6,76.1,-5.5
Oncology,Mammography,2024-Q3,0.7246,0.7995,-0.0749,195,141,0,72.5,80.0,-7.5
Oncology,Mammography,2024-Q4,0.7448,0.8251,-0.0803,129,96,0,74.5,82.5,-8.0
Oncology,Mammography,2025-Q1,0.746,0.761,-0.015,306,228,0,74.6,76.1,-1.5
Oncology,Mammography,2025-Q2,0.734,0.7614,-0.0274,522,383,0,73.4,76.1,-2.7
Oncology,Mammography,2025-Q3,0.7719,0.8459,-0.074,118,91,0,77.2,84.6,-7.4
Oncology,Mammography,2025-Q4,0.7792,0.8143,-0.0351,188,146,0,77.9,81.4,-3.5
Oncology,Flu_Vaccine,2023-Q1,0.8295,0.7175,0.112,504,418,1,83.0,71.8,11.2
Oncology,Flu_Vaccine,2023-Q2,0.8555,0.8023,0.0532,508,435,1,85.6,80.2,5.3
Oncology,Flu_Vaccine,2023-Q3,0.8795,0.704,0.1755,220,193,1,87.9,70.4,17.5
Oncology,Flu_Vaccine,2023-Q4,0.8412,0.8729,-0.0317,156,131,0,84.1,87.3,-3.2
Oncology,Flu_Vaccine,2024-Q1,0.8732,0.7289,0.1443,377,329,1,87.3,72.9,14.4
Oncology,Flu_Vaccine,2024-Q2,0.9261,0.863,0.0631,538,498,1,92.6,86.3,6.3
Oncology,Flu_Vaccine,2024-Q3,0.9222,0.8493,0.0729,344,317,1,92.2,84.9,7.3
Oncology,Flu_Vaccine,2024-Q4,0.9469,0.726,0.2209,197,187,1,94.7,72.6,22.1
Oncology,Flu_Vaccine,2025-Q1,0.9576,0.7268,0.2308,435,417,1,95.8,72.7,23.1
Oncology,Flu_Vaccine,2025-Q2,0.9662,0.8019,0.1643,274,265,1,96.6,80.2,16.4
Oncology,Flu_Vaccine,2025-Q3,1.0,0.7714,0.2286,242,242,1,100.0,77.1,22.9
Oncology,Flu_Vaccine,2025-Q4,0.96,0.7093,0.2507,353,339,1,96.0,70.9,25.1
Oncology,Statin_Therapy,2023-Q1,0.7808,0.841,-0.0602,349,272,0,78.1,84.1,-6.0
Oncology,Statin_Therapy,2023-Q2,0.7919,0.8053,-0.0134,408,323,0,79.2,80.5,-1.3
Oncology,Statin_Therapy,2023-Q3,0.8088,0.8078,0.001,256,207,1,80.9,80.8,0.1
Oncology,Statin_Therapy,2023-Q4,0.8297,0.77,0.0597,232,192,1,83.0,77.0,6.0
Oncology,Statin_Therapy,2024-Q1,0.8313,0.7001,0.1312,309,257,1,83.1,70.0,13.1
Oncology,Statin_Therapy,2024-Q2,0.8249,0.7142,0.1107,345,285,1,82.5,71.4,11.1
Oncology,Statin_Therapy,2024-Q3,0.8512,0.8341,0.0171,458,390,1,85.1,83.4,1.7
Oncology,Statin_Therapy,2024-Q4,0.8592,0.7751,0.0841,442,380,1,85.9,77.5,8.4
Oncology,Statin_Therapy,2025-Q1,0.8823,0.7892,0.0931,202,178,1,88.2,78.9,9.3
Oncology,Statin_Therapy,2025-Q2,0.9053,0.8366,0.0687,480,435,1,90.5,83.7,6.9
Oncology,Statin_Therapy,2025-Q3,0.9253,0.7638,0.1615,178,165,1,92.5,76.4,16.2
Oncology,Statin_Therapy,2025-Q4,0.8792,0.738,0.1412,372,327,1,87.9,73.8,14.1
Oncology,Readmission_Rate,2023-Q1,0.905,0.8529,0.0521,390,353,1,90.5,85.3,5.2
Oncology,Readmission_Rate,2023-Q2,0.9218,0.7423,0.1795,593,547,1,92.2,74.2,18.0
Oncology,Readmission_Rate,2023-Q3,0.9107,0.8026,0.1081,485,442,1,91.1,80.3,10.8
Oncology,Readmission_Rate,2023-Q4,0.935,0.7523,0.1827,182,170,1,93.5,75.2,18.3
Oncology,Readmission_Rate,2024-Q1,0.8997,0.7716,0.1281,440,396,1,90.0,77.2,12.8
Oncology,Readmission_Rate,2024-Q2,0.9455,0.7071,0.2384,474,448,1,94.6,70.7,23.8
Oncology,Readmission_Rate,2024-Q3,0.9548,0.726,0.2288,410,391,1,95.5,72.6,22.9
Oncology,Readmission_Rate,2024-Q4,0.9579,0.7342,0.2237,213,204,1,95.8,73.4,22.4
Oncology,Readmission_Rate,2025-Q1,0.9642,0.8384,0.1258,311,300,1,96.4,83.8,12.6
Oncology,Readmission_Rate,2025-Q2,0.9787,0.7041,0.2746,231,226,1,97.9,70.4,27.5
Oncology,Readmission_Rate,2025-Q3,0.9871,0.8788,0.1083,580,573,1,98.7,87.9,10.8
Oncology,Readmission_Rate,2025-Q4,1.0,0.7694,0.2306,176,176,1,100.0,76.9,23.1
Oncology,CAHPS_Composite,2023-Q1,0.8946,0.8607,0.0339,452,404,1,89.5,86.1,3.4
Oncology,CAHPS_Composite,2023-Q2,0.8726,0.8467,0.0259,451,394,1,87.3,84.7,2.6
Oncology,CAHPS_Composite,2023-Q3,0.8846,0.7882,0.0964,408,361,1,88.5,78.8,9.6
Oncology,CAHPS_Composite,2023-Q4,0.8898,0.7979,0.0919,201,179,1,89.0,79.8,9.2
Oncology,CAHPS_Composite,2024-Q1,0.8823,0.7907,0.0916,93,82,1,88.2,79.1,9.2
Oncology,CAHPS_Composite,2024-Q2,0.8849,0.8238,0.0611,596,527,1,88.5,82.4,6.1
Oncology,CAHPS_Composite,2024-Q3,0.9068,0.736,0.1708,331,300,1,90.7,73.6,17.1
Oncology,CAHPS_Composite,2024-Q4,0.9021,0.7562,0.1459,117,106,1,90.2,75.6,14.6
Oncology,CAHPS_Composite,2025-Q1,0.888,0.7933,0.0947,457,406,1,88.8,79.3,9.5
Oncology,CAHPS_Composite,2025-Q2,0.8973,0.7488,0.1485,365,328,1,89.7,74.9,14.8
Oncology,CAHPS_Composite,2025-Q3,0.9244,0.8513,0.0731,565,522,1,92.4,85.1,7.3
Oncology,CAHPS_Composite,2025-Q4,0.9271,0.7927,0.1344,441,409,1,92.7,79.3,13.4
Neurology,BP_Control,2023-Q1,0.7591,0.7225,0.0366,256,194,1,75.9,72.2,3.7
Neurology,BP_Control,2023-Q2,0.8267,0.7027,0.124,472,390,1,82.7,70.3,12.4
Neurology,BP_Control,2023-Q3,0.7897,0.7671,0.0226,280,221,1,79.0,76.7,2.3
Neurology,BP_Control,2023-Q4,0.8115,0.732,0.0795,504,409,1,81.2,73.2,8.0
Neurology,BP_Control,2024-Q1,0.8454,0.8458,-0.0004,549,464,0,84.5,84.6,-0.0
Neurology,BP_Control,2024-Q2,0.8091,0.7784,0.0307,247,200,1,80.9,77.8,3.1
Neurology,BP_Control,2024-Q3,0.8356,0.725,0.1106,504,421,1,83.6,72.5,11.1
Neurology,BP_Control,2024-Q4,0.8494,0.797,0.0524,164,139,1,84.9,79.7,5.2
Neurology,BP_Control,2025-Q1,0.8751,0.8451,0.03,561,491,1,87.5,84.5,3.0
Neurology,BP_Control,2025-Q2,0.9075,0.7613,0.1462,340,309,1,90.8,76.1,14.6
Neurology,BP_Control,2025-Q3,0.9166,0.7221,0.1945,290,266,1,91.7,72.2,19.4
Neurology,BP_Control,2025-Q4,0.8987,0.8103,0.0884,432,388,1,89.9,81.0,8.8
Neurology,HbA1c_Testing,2023-Q1,0.8943,0.7847,0.1096,113,101,1,89.4,78.5,11.0
Neurology,HbA1c_Testing,2023-Q2,0.89,0.729,0.161,217,193,1,89.0,72.9,16.1
Neurology,HbA1c_Testing,2023-Q3,0.9572,0.8609,0.0963,98,94,1,95.7,86.1,9.6
Neurology,HbA1c_Testing,2023-Q4,0.9556,0.7158,0.2398,545,521,1,95.6,71.6,24.0
Neurology,HbA1c_Testing,2024-Q1,0.9294,0.7895,0.1399,107,99,1,92.9,79.0,14.0
Neurology,HbA1c_Testing,2024-Q2,0.9427,0.7757,0.167,383,361,1,94.3,77.6,16.7
Neurology,HbA1c_Testing,2024-Q3,0.9493,0.7653,0.184,98,93,1,94.9,76.5,18.4
Neurology,HbA1c_Testing,2024-Q4,0.9327,0.724,0.2087,475,443,1,93.3,72.4,20.9
Neurology,HbA1c_Testing,2025-Q1,0.9458,0.8189,0.1269,373,353,1,94.6,81.9,12.7
Neurology,HbA1c_Testing,2025-Q2,0.9756,0.7481,0.2275,308,300,1,97.6,74.8,22.8
Neurology,HbA1c_Testing,2025-Q3,0.9783,0.8399,0.1384,298,292,1,97.8,84.0,13.8
Neurology,HbA1c_Testing,2025-Q4,0.9758,0.75,0.2258,368,359,1,97.6,75.0,22.6
Neurology,Colorectal_Screening,2023-Q1,0.8296,0.7055,0.1241,302,251,1,83.0,70.6,12.4
Neurology,Colorectal_Screening,2023-Q2,0.8346,0.7335,0.1011,324,270,1,83.5,73.4,10.1
Neurology,Colorectal_Screening,2023-Q3,0.8302,0.8325,-0.0023,206,171,0,83.0,83.2,-0.2
Neurology,Colorectal_Screening,2023-Q4,0.8193,0.8489,-0.0296,521,427,0,81.9,84.9,-3.0
Neurology,Colorectal_Screening,2024-Q1,0.8393,0.8508,-0.0115,517,434,0,83.9,85.1,-1.2
Neurology,Colorectal_Screening,2024-Q2,0.8625,0.8739,-0.0114,131,113,0,86.2,87.4,-1.1
Neurology,Colorectal_Screening,2024-Q3,0.8684,0.8599,0.0085,512,445,1,86.8,86.0,0.8
Neurology,Colorectal_Screening,2024-Q4,0.825,0.8152,0.0098,343,283,1,82.5,81.5,1.0
Neurology,Colorectal_Screening,2025-Q1,0.8625,0.7847,0.0778,219,189,1,86.2,78.5,7.8
Neurology,Colorectal_Screening,2025-Q2,0.8595,0.8352,0.0243,179,154,1,86.0,83.5,2.4
Neurology,Colorectal_Screening,2025-Q3,0.9142,0.7143,0.1999,142,130,1,91.4,71.4,20.0
Neurology,Colorectal_Screening,2025-Q4,0.8753,0.7531,0.1222,315,276,1,87.5,75.3,12.2
Neurology,Mammography,2023-Q1,0.7544,0.7843,-0.0299,257,194,0,75.4,78.4,-3.0
Neurology,Mammography,2023-Q2,0.7425,0.771,-0.0285,166,123,0,74.2,77.1,-2.8
Neurology,Mammography,2023-Q3,0.7383,0.8156,-0.0773,537,396,0,73.8,81.6,-7.7
Neurology,Mammography,2023-Q4,0.7689,0.7844,-0.0155,567,436,0,76.9,78.4,-1.6
Neurology,Mammography,2024-Q1,0.7769,0.8415,-0.0646,434,337,0,77.7,84.2,-6.5
Neurology,Mammography,2024-Q2,0.7488,0.816,-0.0672,272,204,0,74.9,81.6,-6.7
Neurology,Mammography,2024-Q3,0.7289,0.856,-0.1271,369,269,0,72.9,85.6,-12.7
Neurology,Mammography,2024-Q4,0.7471,0.7256,0.0215,412,308,1,74.7,72.6,2.2
Neurology,Mammography,2025-Q1,0.7373,0.7381,-0.0008,311,229,0,73.7,73.8,-0.1
Neurology,Mammography,2025-Q2,0.7418,0.8694,-0.1276,212,157,0,74.2,86.9,-12.8
Neurology,Mammography,2025-Q3,0.7256,0.7241,0.0015,211,153,1,72.6,72.4,0.2
Neurology,Mammography,2025-Q4,0.7854,0.7648,0.0206,584,459,1,78.5,76.5,2.1
Neurology,Flu_Vaccine,2023-Q1,0.7326,0.7821,-0.0495,338,248,0,73.3,78.2,-5.0
Neurology,Flu_Vaccine,2023-Q2,0.7435,0.7652,-0.0217,427,317,0,74.4,76.5,-2.2
Neurology,Flu_Vaccine,2023-Q3,0.7889,0.7086,0.0803,189,149,1,78.9,70.9,8.0
Neurology,Flu_Vaccine,2023-Q4,0.7534,0.8185,-0.0651,432,325,0,75.3,81.8,-6.5
Neurology,Flu_Vaccine,2024-Q1,0.7778,0.7336,0.0442,182,142,1,77.8,73.4,4.4
Neurology,Flu_Vaccine,2024-Q2,0.8108,0.8684,-0.0576,368,298,0,81.1,86.8,-5.8
Neurology,Flu_Vaccine,2024-Q3,0.8005,0.7947,0.0058,522,418,1,80.0,79.5,0.6
Neurology,Flu_Vaccine,2024-Q4,0.8025,0.8792,-0.0767,312,250,0,80.2,87.9,-7.7
Neurology,Flu_Vaccine,2025-Q1,0.8387,0.828,0.0107,274,230,1,83.9,82.8,1.1
Neurology,Flu_Vaccine,2025-Q2,0.8058,0.7956,0.0102,485,391,1,80.6,79.6,1.0
Neurology,Flu_Vaccine,2025-Q3,0.8152,0.8281,-0.0129,580,473,0,81.5,82.8,-1.3
Neurology,Flu_Vaccine,2025-Q4,0.8478,0.7976,0.0502,597,506,1,84.8,79.8,5.0
Neurology,Statin_Therapy,2023-Q1,0.8742,0.8411,0.0331,372,325,1,87.4,84.1,3.3
Neurology,Statin_Therapy,2023-Q2,0.878,0.7832,0.0948,332,291,1,87.8,78.3,9.5
Neurology,Statin_Therapy,2023-Q3,0.8657,0.7663,0.0994,595,515,1,86.6,76.6,9.9
Neurology,Statin_Therapy,2023-Q4,0.905,0.8425,0.0625,398,360,1,90.5,84.2,6.2
Neurology,Statin_Therapy,2024-Q1,0.8643,0.7805,0.0838,566,489,1,86.4,78.0,8.4
Neurology,Statin_Therapy,2024-Q2,0.8781,0.7101,0.168,472,414,1,87.8,71.0,16.8
Neurology,Statin_Therapy,2024-Q3,0.859,0.8037,0.0553,330,283,1,85.9,80.4,5.5
Neurology,Statin_Therapy,2024-Q4,0.8741,0.8228,0.0513,261,228,1,87.4,82.3,5.1
Neurology,Statin_Therapy,2025-Q1,0.8512,0.7947,0.0565,327,278,1,85.1,79.5,5.6
Neurology,Statin_Therapy,2025-Q2,0.8394,0.7235,0.1159,135,113,1,83.9,72.4,11.6
Neurology,Statin_Therapy,2025-Q3,0.8593,0.727,0.1323,404,347,1,85.9,72.7,13.2
Neurology,Statin_Therapy,2025-Q4,0.8401,0.7559,0.0842,163,137,1,84.0,75.6,8.4
Neurology,Readmission_Rate,2023-Q1,0.8835,0.8267,0.0568,565,499,1,88.4,82.7,5.7
Neurology,Readmission_Rate,2023-Q2,0.8777,0.8066,0.0711,376,330,1,87.8,80.7,7.1
Neurology,Readmission_Rate,2023-Q3,0.8672,0.7741,0.0931,535,464,1,86.7,77.4,9.3
Neurology,Readmission_Rate,2023-Q4,0.8818,0.8161,0.0657,149,131,1,88.2,81.6,6.6
Neurology,Readmission_Rate,2024-Q1,0.8869,0.7936,0.0933,524,465,1,88.7,79.4,9.3
Neurology,Readmission_Rate,2024-Q2,0.8917,0.7387,0.153,504,449,1,89.2,73.9,15.3
Neurology,Readmission_Rate,2024-Q3,0.882,0.8343,0.0477,160,141,1,88.2,83.4,4.8
Neurology,Readmission_Rate,2024-Q4,0.8979,0.8572,0.0407,413,371,1,89.8,85.7,4.1
Neurology,Readmission_Rate,2025-Q1,0.8954,0.8113,0.0841,377,338,1,89.5,81.1,8.4
Neurology,Readmission_Rate,2025-Q2,0.9562,0.8404,0.1158,415,397,1,95.6,84.0,11.6
Neurology,Readmission_Rate,2025-Q3,0.9442,0.8761,0.0681,218,206,1,94.4,87.6,6.8
Neurology,Readmission_Rate,2025-Q4,0.9869,0.8268,0.1601,146,144,1,98.7,82.7,16.0
Neurology,CAHPS_Composite,2023-Q1,0.6218,0.8347,-0.2129,257,160,0,62.2,83.5,-21.3
Neurology,CAHPS_Composite,2023-Q2,0.6583,0.7413,-0.083,420,276,0,65.8,74.1,-8.3
Neurology,CAHPS_Composite,2023-Q3,0.634,0.873,-0.239,132,84,0,63.4,87.3,-23.9
Neurology,CAHPS_Composite,2023-Q4,0.6377,0.7157,-0.078,367,234,0,63.8,71.6,-7.8
Neurology,CAHPS_Composite,2024-Q1,0.6558,0.7829,-0.1271,586,384,0,65.6,78.3,-12.7
Neurology,CAHPS_Composite,2024-Q2,0.6729,0.7877,-0.1148,512,345,0,67.3,78.8,-11.5
Neurology,CAHPS_Composite,2024-Q3,0.6202,0.7248,-0.1046,281,174,0,62.0,72.5,-10.5
Neurology,CAHPS_Composite,2024-Q4,0.6673,0.7909,-0.1236,468,312,0,66.7,79.1,-12.4
Neurology,CAHPS_Composite,2025-Q1,0.6656,0.859,-0.1934,441,294,0,66.6,85.9,-19.3
Neurology,CAHPS_Composite,2025-Q2,0.7095,0.7526,-0.0431,585,415,0,71.0,75.3,-4.3
Neurology,CAHPS_Composite,2025-Q3,0.6542,0.8222,-0.168,167,109,0,65.4,82.2,-16.8
Neurology,CAHPS_Composite,2025-Q4,0.6986,0.8274,-0.1288,237,166,0,69.9,82.7,-12.9
Orthopedics,BP_Control,2023-Q1,0.8382,0.7037,0.1345,206,173,1,83.8,70.4,13.4
Orthopedics,BP_Control,2023-Q2,0.8354,0.7042,0.1312,110,92,1,83.5,70.4,13.1
Orthopedics,BP_Control,2023-Q3,0.8637,0.7175,0.1462,341,295,1,86.4,71.8,14.6
Orthopedics,BP_Control,2023-Q4,0.8618,0.732,0.1298,497,428,1,86.2,73.2,13.0
Orthopedics,BP_Control,2024-Q1,0.8561,0.8202,0.0359,139,119,1,85.6,82.0,3.6
Orthopedics,BP_Control,2024-Q2,0.9496,0.7711,0.1785,407,386,1,95.0,77.1,17.8
Orthopedics,BP_Control,2024-Q3,0.9056,0.7154,0.1902,580,525,1,90.6,71.5,19.0
Orthopedics,BP_Control,2024-Q4,0.9179,0.7582,0.1597,428,393,1,91.8,75.8,16.0
Orthopedics,BP_Control,2025-Q1,0.9233,0.7194,0.2039,123,114,1,92.3,71.9,20.4
Orthopedics,BP_Control,2025-Q2,0.9561,0.8017,0.1544,487,466,1,95.6,80.2,15.4
Orthopedics,BP_Control,2025-Q3,0.929,0.7802,0.1488,94,87,1,92.9,78.0,14.9
Orthopedics,BP_Control,2025-Q4,0.9614,0.8195,0.1419,88,85,1,96.1,82.0,14.2
Orthopedics,HbA1c_Testing,2023-Q1,0.5826,0.8692,-0.2866,575,335,0,58.3,86.9,-28.7
Orthopedics,HbA1c_Testing,2023-Q2,0.6018,0.862,-0.2602,359,216,0,60.2,86.2,-26.0
Orthopedics,HbA1c_Testing,2023-Q3,0.6025,0.7282,-0.1257,258,155,0,60.2,72.8,-12.6
Orthopedics,HbA1c_Testing,2023-Q4,0.615,0.7871,-0.1721,380,234,0,61.5,78.7,-17.2
Orthopedics,HbA1c_Testing,2024-Q1,0.5662,0.8578,-0.2916,483,273,0,56.6,85.8,-29.2
Orthopedics,HbA1c_Testing,2024-Q2,0.5849,0.7762,-0.1913,211,123,0,58.5,77.6,-19.1
Orthopedics,HbA1c_Testing,2024-Q3,0.569,0.8114,-0.2424,283,161,0,56.9,81.1,-24.2
Orthopedics,HbA1c_Testing,2024-Q4,0.5998,0.8536,-0.2538,433,260,0,60.0,85.4,-25.4
Orthopedics,HbA1c_Testing,2025-Q1,0.5713,0.7207,-0.1494,207,118,0,57.1,72.1,-14.9
Orthopedics,HbA1c_Testing,2025-Q2,0.5963,0.8055,-0.2092,239,143,0,59.6,80.6,-20.9
Orthopedics,HbA1c_Testing,2025-Q3,0.5782,0.8337,-0.2555,145,84,0,57.8,83.4,-25.6
Orthopedics,HbA1c_Testing,2025-Q4,0.557,0.7324,-0.1754,302,168,0,55.7,73.2,-17.5
Orthopedics,Colorectal_Screening,2023-Q1,0.8534,0.8366,0.0168,320,273,1,85.3,83.7,1.7
Orthopedics,Colorectal_Screening,2023-Q2,0.8954,0.759,0.1364,522,467,1,89.5,75.9,13.6
Orthopedics,Colorectal_Screening,2023-Q3,0.8706,0.7834,0.0872,538,468,1,87.1,78.3,8.7
Orthopedics,Colorectal_Screening,2023-Q4,0.8562,0.8224,0.0338,589,504,1,85.6,82.2,3.4
Orthopedics,Colorectal_Screening,2024-Q1,0.9032,0.78,0.1232,336,303,1,90.3,78.0,12.3
Orthopedics,Colorectal_Screening,2024-Q2,0.8259,0.8626,-0.0367,213,176,0,82.6,86.3,-3.7
Orthopedics,Colorectal_Screening,2024-Q3,0.8444,0.7698,0.0746,422,356,1,84.4,77.0,7.5
Orthopedics,Colorectal_Screening,2024-Q4,0.892,0.7958,0.0962,573,511,1,89.2,79.6,9.6
Orthopedics,Colorectal_Screening,2025-Q1,0.8623,0.7581,0.1042,291,251,1,86.2,75.8,10.4
Orthopedics,Colorectal_Screening,2025-Q2,0.8614,0.8198,0.0416,89,77,1,86.1,82.0,4.2
Orthopedics,Colorectal_Screening,2025-Q3,0.873,0.7539,0.1191,528,461,1,87.3,75.4,11.9
Orthopedics,Colorectal_Screening,2025-Q4,0.8741,0.8079,0.0662,342,299,1,87.4,80.8,6.6
Orthopedics,Mammography,2023-Q1,0.5503,0.7135,-0.1632,266,146,0,55.0,71.4,-16.3
Orthopedics,Mammography,2023-Q2,0.6055,0.8561,-0.2506,110,67,0,60.6,85.6,-25.1
Orthopedics,Mammography,2023-Q3,0.6174,0.872,-0.2546,502,310,0,61.7,87.2,-25.5
Orthopedics,Mammography,2023-Q4,0.6303,0.7154,-0.0851,116,73,0,63.0,71.5,-8.5
Orthopedics,Mammography,2024-Q1,0.6329,0.7866,-0.1537,350,222,0,63.3,78.7,-15.4
Orthopedics,Mammography,2024-Q2,0.6628,0.8794,-0.2166,482,319,0,66.3,87.9,-21.7
Orthopedics,Mammography,2024-Q3,0.6792,0.8597,-0.1805,502,341,0,67.9,86.0,-18.0
Orthopedics,Mammography,2024-Q4,0.686,0.8088,-0.1228,589,404,0,68.6,80.9,-12.3
Orthopedics,Mammography,2025-Q1,0.6887,0.8499,-0.1612,359,247,0,68.9,85.0,-16.1
Orthopedics,Mammography,2025-Q2,0.7124,0.7854,-0.073,172,123,0,71.2,78.5,-7.3
Orthopedics,Mammography,2025-Q3,0.6924,0.7827,-0.0903,254,176,0,69.2,78.3,-9.0
Orthopedics,Mammography,2025-Q4,0.7605,0.7522,0.0083,315,240,1,76.0,75.2,0.8
Orthopedics,Flu_Vaccine,2023-Q1,0.7457,0.8182,-0.0725,330,246,0,74.6,81.8,-7.2
Orthopedics,Flu_Vaccine,2023-Q2,0.7051,0.8409,-0.1358,131,92,0,70.5,84.1,-13.6
Orthopedics,Flu_Vaccine,2023-Q3,0.7318,0.7392,-0.0074,436,319,0,73.2,73.9,-0.7
Orthopedics,Flu_Vaccine,2023-Q4,0.7126,0.8363,-0.1237,476,339,0,71.3,83.6,-12.4
Orthopedics,Flu_Vaccine,2024-Q1,0.7012,0.8674,-0.1662,460,323,0,70.1,86.7,-16.6
Orthopedics,Flu_Vaccine,2024-Q2,0.7242,0.8287,-0.1045,451,327,0,72.4,82.9,-10.4
Orthopedics,Flu_Vaccine,2024-Q3,0.7539,0.7587,-0.0048,536,404,0,75.4,75.9,-0.5
Orthopedics,Flu_Vaccine,2024-Q4,0.751,0.831,-0.08,468,351,0,75.1,83.1,-8.0
Orthopedics,Flu_Vaccine,2025-Q1,0.7428,0.7881,-0.0453,407,302,0,74.3,78.8,-4.5
Orthopedics,Flu_Vaccine,2025-Q2,0.7338,0.8313,-0.0975,565,415,0,73.4,83.1,-9.8
Orthopedics,Flu_Vaccine,2025-Q3,0.746,0.8745,-0.1285,175,131,0,74.6,87.4,-12.8
Orthopedics,Flu_Vaccine,2025-Q4,0.712,0.8343,-0.1223,591,421,0,71.2,83.4,-12.2
Orthopedics,Statin_Therapy,2023-Q1,0.6091,0.8174,-0.2083,384,234,0,60.9,81.7,-20.8
Orthopedics,Statin_Therapy,2023-Q2,0.6098,0.8461,-0.2363,475,290,0,61.0,84.6,-23.6
Orthopedics,Statin_Therapy,2023-Q3,0.652,0.7482,-0.0962,505,329,0,65.2,74.8,-9.6
Orthopedics,Statin_Therapy,2023-Q4,0.6491,0.8348,-0.1857,153,99,0,64.9,83.5,-18.6
Orthopedics,Statin_Therapy,2024-Q1,0.6803,0.733,-0.0527,467,318,0,68.0,73.3,-5.3
Orthopedics,Statin_Therapy,2024-Q2,0.6789,0.7159,-0.037,289,196,0,67.9,71.6,-3.7
Orthopedics,Statin_Therapy,2024-Q3,0.6589,0.8181,-0.1592,322,212,0,65.9,81.8,-15.9
Orthopedics,Statin_Therapy,2024-Q4,0.6544,0.7193,-0.0649,484,317,0,65.4,71.9,-6.5
Orthopedics,Statin_Therapy,2025-Q1,0.7092,0.7317,-0.0225,531,377,0,70.9,73.2,-2.2
Orthopedics,Statin_Therapy,2025-Q2,0.7091,0.7601,-0.051,385,273,0,70.9,76.0,-5.1
Orthopedics,Statin_Therapy,2025-Q3,0.7108,0.746,-0.0352,119,85,0,71.1,74.6,-3.5
Orthopedics,Statin_Therapy,2025-Q4,0.7581,0.805,-0.0469,145,110,0,75.8,80.5,-4.7
Orthopedics,Readmission_Rate,2023-Q1,0.7527,0.7708,-0.0181,490,369,0,75.3,77.1,-1.8
Orthopedics,Readmission_Rate,2023-Q2,0.7807,0.7392,0.0415,96,75,1,78.1,73.9,4.2
Orthopedics,Readmission_Rate,2023-Q3,0.811,0.7111,0.0999,483,392,1,81.1,71.1,10.0
Orthopedics,Readmission_Rate,2023-Q4,0.8548,0.7362,0.1186,228,195,1,85.5,73.6,11.9
Orthopedics,Readmission_Rate,2024-Q1,0.8163,0.828,-0.0117,200,163,0,81.6,82.8,-1.2
Orthopedics,Readmission_Rate,2024-Q2,0.8355,0.8427,-0.0072,135,113,0,83.6,84.3,-0.7
Orthopedics,Readmission_Rate,2024-Q3,0.8491,0.7646,0.0845,159,135,1,84.9,76.5,8.5
Orthopedics,Readmission_Rate,2024-Q4,0.8836,0.77,0.1136,137,121,1,88.4,77.0,11.4
Orthopedics,Readmission_Rate,2025-Q1,0.8467,0.7802,0.0665,553,468,1,84.7,78.0,6.6
Orthopedics,Readmission_Rate,2025-Q2,0.9105,0.8566,0.0539,136,124,1,91.0,85.7,5.4
Orthopedics,Readmission_Rate,2025-Q3,0.8742,0.8568,0.0174,593,518,1,87.4,85.7,1.7
Orthopedics,Readmission_Rate,2025-Q4,0.9072,0.7195,0.1877,289,262,1,90.7,72.0,18.8
Orthopedics,CAHPS_Composite,2023-Q1,0.8051,0.8554,-0.0503,280,225,0,80.5,85.5,-5.0
Orthopedics,CAHPS_Composite,2023-Q2,0.8465,0.8573,-0.0108,567,480,0,84.6,85.7,-1.1
Orthopedics,CAHPS_Composite,2023-Q3,0.8259,0.8348,-0.0089,332,274,0,82.6,83.5,-0.9
Orthopedics,CAHPS_Composite,2023-Q4,0.842,0.8088,0.0332,453,381,1,84.2,80.9,3.3
Orthopedics,CAHPS_Composite,2024-Q1,0.8236,0.8676,-0.044,574,473,0,82.4,86.8,-4.4
Orthopedics,CAHPS_Composite,2024-Q2,0.8415,0.8659,-0.0244,247,208,0,84.2,86.6,-2.4
Orthopedics,CAHPS_Composite,2024-Q3,0.8724,0.8378,0.0346,404,352,1,87.2,83.8,3.5
Orthopedics,CAHPS_Composite,2024-Q4,0.8398,0.8045,0.0353,481,404,1,84.0,80.4,3.5
Orthopedics,CAHPS_Composite,2025-Q1,0.8321,0.7793,0.0528,560,466,1,83.2,77.9,5.3
Orthopedics,CAHPS_Composite,2025-Q2,0.8507,0.8255,0.0252,422,359,1,85.1,82.6,2.5
Orthopedics,CAHPS_Composite,2025-Q3,0.8683,0.7649,0.1034,117,102,1,86.8,76.5,10.3
Orthopedics,CAHPS_Composite,2025-Q4,0.8537,0.7854,0.0683,266,227,1,85.4,78.5,6.8
Primary Care,BP_Control,2023-Q1,0.7773,0.7692,0.0081,178,138,1,77.7,76.9,0.8
Primary Care,BP_Control,2023-Q2,0.8398,0.7586,0.0812,267,224,1,84.0,75.9,8.1
Primary Care,BP_Control,2023-Q3,0.8461,0.8753,-0.0292,569,481,0,84.6,87.5,-2.9
Primary Care,BP_Control,2023-Q4,0.8749,0.7017,0.1732,210,184,1,87.5,70.2,17.3
Primary Care,BP_Control,2024-Q1,0.8954,0.8033,0.0921,302,270,1,89.5,80.3,9.2
Primary Care,BP_Control,2024-Q2,0.8413,0.8397,0.0016,187,157,1,84.1,84.0,0.2
Primary Care,BP_Control,2024-Q3,0.8803,0.7382,0.1421,211,186,1,88.0,73.8,14.2
Primary Care,BP_Control,2024-Q4,0.8883,0.7704,0.1179,279,248,1,88.8,77.0,11.8
Primary Care,BP_Control,2025-Q1,0.8986,0.7848,0.1138,348,313,1,89.9,78.5,11.4
Primary Care,BP_Control,2025-Q2,0.9566,0.7757,0.1809,240,230,1,95.7,77.6,18.1
Primary Care,BP_Control,2025-Q3,0.9433,0.7116,0.2317,524,494,1,94.3,71.2,23.2
Primary Care,BP_Control,2025-Q4,0.9143,0.8364,0.0779,374,342,1,91.4,83.6,7.8
Primary Care,HbA1c_Testing,2023-Q1,0.5997,0.715,-0.1153,218,131,0,60.0,71.5,-11.5
Primary Care,HbA1c_Testing,2023-Q2,0.6323,0.8335,-0.2012,149,94,0,63.2,83.4,-20.1
Primary Care,HbA1c_Testing,2023-Q3,0.6297,0.7947,-0.165,256,161,0,63.0,79.5,-16.5
Primary Care,HbA1c_Testing,2023-Q4,0.5988,0.8261,-0.2273,463,277,0,59.9,82.6,-22.7
Primary Care,HbA1c_Testing,2024-Q1,0.604,0.7114,-0.1074,441,266,0,60.4,71.1,-10.7
Primary Care,HbA1c_Testing,2024-Q2,0.6096,0.8434,-0.2338,167,102,0,61.0,84.3,-23.4
Primary Care,HbA1c_Testing,2024-Q3,0.6354,0.7851,-0.1497,453,288,0,63.5,78.5,-15.0
Primary Care,HbA1c_Testing,2024-Q4,0.6635,0.7605,-0.097,240,159,0,66.4,76.0,-9.7
Primary Care,HbA1c_Testing,2025-Q1,0.6249,0.7279,-0.103,457,286,0,62.5,72.8,-10.3
Primary Care,HbA1c_Testing,2025-Q2,0.6671,0.7651,-0.098,212,141,0,66.7,76.5,-9.8
Primary Care,HbA1c_Testing,2025-Q3,0.638,0.8243,-0.1863,410,262,0,63.8,82.4,-18.6
Primary Care,HbA1c_Testing,2025-Q4,0.6564,0.8001,-0.1437,106,70,0,65.6,80.0,-14.4
Primary Care,Colorectal_Screening,2023-Q1,0.8925,0.7351,0.1574,234,209,1,89.2,73.5,15.7
Primary Care,Colorectal_Screening,2023-Q2,0.9035,0.8382,0.0653,261,236,1,90.4,83.8,6.5
Primary Care,Colorectal_Screening,2023-Q3,0.8859,0.8095,0.0764,308,273,1,88.6,81.0,7.6
Primary Care,Colorectal_Screening,2023-Q4,0.8641,0.8435,0.0206,445,385,1,86.4,84.4,2.1
Primary Care,Colorectal_Screening,2024-Q1,0.9083,0.8711,0.0372,529,480,1,90.8,87.1,3.7
Primary Care,Colorectal_Screening,2024-Q2,0.916,0.7949,0.1211,589,540,1,91.6,79.5,12.1
Primary Care,Colorectal_Screening,2024-Q3,0.9535,0.7187,0.2348,278,265,1,95.4,71.9,23.5
Primary Care,Colorectal_Screening,2024-Q4,0.9851,0.7631,0.222,499,492,1,98.5,76.3,22.2
Primary Care,Colorectal_Screening,2025-Q1,0.9861,0.7541,0.232,240,237,1,98.6,75.4,23.2
Primary Care,Colorectal_Screening,2025-Q2,1.0,0.7739,0.2261,397,397,1,100.0,77.4,22.6
Primary Care,Colorectal_Screening,2025-Q3,0.9556,0.8531,0.1025,590,564,1,95.6,85.3,10.2
Primary Care,Colorectal_Screening,2025-Q4,1.0,0.7479,0.2521,363,363,1,100.0,74.8,25.2
Primary Care,Mammography,2023-Q1,0.8219,0.7819,0.04,234,192,1,82.2,78.2,4.0
Primary Care,Mammography,2023-Q2,0.8096,0.8614,-0.0518,331,268,0,81.0,86.1,-5.2
Primary Care,Mammography,2023-Q3,0.8091,0.7185,0.0906,90,73,1,80.9,71.9,9.1
Primary Care,Mammography,2023-Q4,0.791,0.8662,-0.0752,205,162,0,79.1,86.6,-7.5
Primary Care,Mammography,2024-Q1,0.8597,0.8798,-0.0201,441,379,0,86.0,88.0,-2.0
Primary Care,Mammography,2024-Q2,0.7982,0.8307,-0.0325,130,104,0,79.8,83.1,-3.2
Primary Care,Mammography,2024-Q3,0.8414,0.7947,0.0467,130,109,1,84.1,79.5,4.7
Primary Care,Mammography,2024-Q4,0.792,0.8682,-0.0762,571,452,0,79.2,86.8,-7.6
Primary Care,Mammography,2025-Q1,0.8164,0.7569,0.0595,397,324,1,81.6,75.7,5.9
Primary Care,Mammography,2025-Q2,0.8369,0.8474,-0.0105,439,367,0,83.7,84.7,-1.0
Primary Care,Mammography,2025-Q3,0.7913,0.835,-0.0437,426,337,0,79.1,83.5,-4.4
Primary Care,Mammography,2025-Q4,0.7995,0.7977,0.0018,92,74,1,80.0,79.8,0.2
Primary Care,Flu_Vaccine,2023-Q1,0.6508,0.7003,-0.0495,510,332,0,65.1,70.0,-5.0
Primary Care,Flu_Vaccine,2023-Q2,0.6676,0.7876,-0.12,583,389,0,66.8,78.8,-12.0
Primary Care,Flu_Vaccine,2023-Q3,0.6904,0.8447,-0.1543,346,239,0,69.0,84.5,-15.4
Primary Care,Flu_Vaccine,2023-Q4,0.6917,0.7457,-0.054,525,363,0,69.2,74.6,-5.4
Primary Care,Flu_Vaccine,2024-Q1,0.6886,0.7143,-0.0257,297,205,0,68.9,71.4,-2.6
Primary Care,Flu_Vaccine,2024-Q2,0.6896,0.7804,-0.0908,517,357,0,69.0,78.0,-9.1
Primary Care,Flu_Vaccine,2024-Q3,0.6452,0.7678,-0.1226,473,305,0,64.5,76.8,-12.3
Primary Care,Flu_Vaccine,2024-Q4,0.6621,0.8414,-0.1793,382,253,0,66.2,84.1,-17.9
Primary Care,Flu_Vaccine,2025-Q1,0.6511,0.77,-0.1189,418,272,0,65.1,77.0,-11.9
Primary Care,Flu_Vaccine,2025-Q2,0.6475,0.7436,-0.0961,304,197,0,64.8,74.4,-9.6
Primary Care,Flu_Vaccine,2025-Q3,0.6417,0.7421,-0.1004,534,343,0,64.2,74.2,-10.0
Primary Care,Flu_Vaccine,2025-Q4,0.642,0.7797,-0.1377,498,320,0,64.2,78.0,-13.8
Primary Care,Statin_Therapy,2023-Q1,0.9127,0.7863,0.1264,231,211,1,91.3,78.6,12.6
Primary Care,Statin_Therapy,2023-Q2,0.8817,0.7281,0.1536,520,458,1,88.2,72.8,15.4
Primary Care,Statin_Therapy,2023-Q3,0.9231,0.8656,0.0575,254,234,1,92.3,86.6,5.8
Primary Care,Statin_Therapy,2023-Q4,0.9028,0.7904,0.1124,156,141,1,90.3,79.0,11.2
Primary Care,Statin_Therapy,2024-Q1,0.9109,0.7621,0.1488,265,241,1,91.1,76.2,14.9
Primary Care,Statin_Therapy,2024-Q2,0.9132,0.7393,0.1739,377,344,1,91.3,73.9,17.4
Primary Care,Statin_Therapy,2024-Q3,0.8965,0.7372,0.1593,590,529,1,89.6,73.7,15.9
Primary Care,Statin_Therapy,2024-Q4,0.8962,0.7441,0.1521,400,358,1,89.6,74.4,15.2
Primary Care,Statin_Therapy,2025-Q1,0.8859,0.7091,0.1768,248,220,1,88.6,70.9,17.7
Primary Care,Statin_Therapy,2025-Q2,0.88,0.7208,0.1592,376,331,1,88.0,72.1,15.9
Primary Care,Statin_Therapy,2025-Q3,0.9122,0.7016,0.2106,83,76,1,91.2,70.2,21.1
Primary Care,Statin_Therapy,2025-Q4,0.9005,0.7454,0.1551,213,192,1,90.0,74.5,15.5
Primary Care,Readmission_Rate,2023-Q1,0.838,0.7861,0.0519,517,433,1,83.8,78.6,5.2
Primary Care,Readmission_Rate,2023-Q2,0.8479,0.7295,0.1184,157,133,1,84.8,73.0,11.8
Primary Care,Readmission_Rate,2023-Q3,0.7931,0.7485,0.0446,578,458,1,79.3,74.9,4.5
Primary Care,Readmission_Rate,2023-Q4,0.7826,0.7812,0.0014,499,391,1,78.3,78.1,0.1
Primary Care,Readmission_Rate,2024-Q1,0.7836,0.768,0.0156,404,317,1,78.4,76.8,1.6
Primary Care,Readmission_Rate,2024-Q2,0.7906,0.8045,-0.0139,175,138,0,79.1,80.4,-1.4
Primary Care,Readmission_Rate,2024-Q3,0.7689,0.779,-0.0101,385,296,0,76.9,77.9,-1.0
Primary Care,Readmission_Rate,2024-Q4,0.8067,0.7872,0.0195,317,256,1,80.7,78.7,2.0
Primary Care,Readmission_Rate,2025-Q1,0.7747,0.77,0.0047,453,351,1,77.5,77.0,0.5
Primary Care,Readmission_Rate,2025-Q2,0.7915,0.7369,0.0546,531,420,1,79.1,73.7,5.5
Primary Care,Readmission_Rate,2025-Q3,0.7887,0.8162,-0.0275,438,345,0,78.9,81.6,-2.8
Primary Care,Readmission_Rate,2025-Q4,0.7637,0.7943,-0.0306,386,295,0,76.4,79.4,-3.1
Primary Care,CAHPS_Composite,2023-Q1,0.7438,0.8224,-0.0786,450,335,0,74.4,82.2,-7.9
Primary Care,CAHPS_Composite,2023-Q2,0.7291,0.7815,-0.0524,330,241,0,72.9,78.1,-5.2
Primary Care,CAHPS_Composite,2023-Q3,0.7563,0.7204,0.0359,339,256,1,75.6,72.0,3.6
Primary Care,CAHPS_Composite,2023-Q4,0.7355,0.8727,-0.1372,350,257,0,73.6,87.3,-13.7
Primary Care,CAHPS_Composite,2024-Q1,0.7655,0.8725,-0.107,479,367,0,76.6,87.2,-10.7
Primary Care,CAHPS_Composite,2024-Q2,0.7618,0.7116,0.0502,525,400,1,76.2,71.2,5.0
Primary Care,CAHPS_Composite,2024-Q3,0.7688,0.7438,0.025,407,313,1,76.9,74.4,2.5
Primary Care,CAHPS_Composite,2024-Q4,0.7928,0.7326,0.0602,570,452,1,79.3,73.3,6.0
Primary Care,CAHPS_Composite,2025-Q1,0.8195,0.7452,0.0743,568,465,1,82.0,74.5,7.4
Primary Care,CAHPS_Composite,2025-Q2,0.8024,0.787,0.0154,322,258,1,80.2,78.7,1.5
Primary Care,CAHPS_Composite,2025-Q3,0.8492,0.7789,0.0703,241,205,1,84.9,77.9,7.0
Primary Care,CAHPS_Composite,2025-Q4,0.8484,0.7143,0.1341,307,260,1,84.8,71.4,13.4
Endocrinology,BP_Control,2023-Q1,0.7572,0.78,-0.0228,472,357,0,75.7,78.0,-2.3
Endocrinology,BP_Control,2023-Q2,0.7673,0.8624,-0.0951,154,118,0,76.7,86.2,-9.5
Endocrinology,BP_Control,2023-Q3,0.7507,0.8414,-0.0907,163,122,0,75.1,84.1,-9.1
Endocrinology,BP_Control,2023-Q4,0.7874,0.867,-0.0796,560,441,0,78.7,86.7,-8.0
Endocrinology,BP_Control,2024-Q1,0.801,0.7598,0.0412,584,468,1,80.1,76.0,4.1
Endocrinology,BP_Control,2024-Q2,0.8105,0.8067,0.0038,306,248,1,81.0,80.7,0.4
Endocrinology,BP_Control,2024-Q3,0.782,0.7228,0.0592,271,212,1,78.2,72.3,5.9
Endocrinology,BP_Control,2024-Q4,0.8147,0.8465,-0.0318,121,99,0,81.5,84.6,-3.2
Endocrinology,BP_Control,2025-Q1,0.7973,0.8151,-0.0178,109,87,0,79.7,81.5,-1.8
Endocrinology,BP_Control,2025-Q2,0.7877,0.8653,-0.0776,411,324,0,78.8,86.5,-7.8
Endocrinology,BP_Control,2025-Q3,0.8504,0.8061,0.0443,407,346,1,85.0,80.6,4.4
Endocrinology,BP_Control,2025-Q4,0.8299,0.7516,0.0783,196,163,1,83.0,75.2,7.8
Endocrinology,HbA1c_Testing,2023-Q1,0.7136,0.7991,-0.0855,371,265,0,71.4,79.9,-8.6
Endocrinology,HbA1c_Testing,2023-Q2,0.7379,0.7058,0.0321,148,109,1,73.8,70.6,3.2
Endocrinology,HbA1c_Testing,2023-Q3,0.6993,0.8029,-0.1036,363,254,0,69.9,80.3,-10.4
Endocrinology,HbA1c_Testing,2023-Q4,0.7134,0.7545,-0.0411,269,192,0,71.3,75.4,-4.1
Endocrinology,HbA1c_Testing,2024-Q1,0.7479,0.7523,-0.0044,208,156,0,74.8,75.2,-0.4
Endocrinology,HbA1c_Testing,2024-Q2,0.7423,0.8548,-0.1125,560,416,0,74.2,85.5,-11.2
Endocrinology,HbA1c_Testing,2024-Q3,0.7522,0.7186,0.0336,217,163,1,75.2,71.9,3.4
Endocrinology,HbA1c_Testing,2024-Q4,0.7631,0.7339,0.0292,319,243,1,76.3,73.4,2.9
Endocrinology,HbA1c_Testing,2025-Q1,0.7631,0.7445,0.0186,136,104,1,76.3,74.4,1.9
Endocrinology,HbA1c_Testing,2025-Q2,0.7337,0.8395,-0.1058,496,364,0,73.4,84.0,-10.6
Endocrinology,HbA1c_Testing,2025-Q3,0.7613,0.7605,0.0008,287,218,1,76.1,76.0,0.1
Endocrinology,HbA1c_Testing,2025-Q4,0.745,0.7669,-0.0219,279,208,0,74.5,76.7,-2.2
Endocrinology,Colorectal_Screening,2023-Q1,0.9065,0.8701,0.0364,401,364,1,90.6,87.0,3.6
Endocrinology,Colorectal_Screening,2023-Q2,0.881,0.8679,0.0131,100,88,1,88.1,86.8,1.3
Endocrinology,Colorectal_Screening,2023-Q3,0.913,0.8027,0.1103,240,219,1,91.3,80.3,11.0
Endocrinology,Colorectal_Screening,2023-Q4,0.8586,0.7907,0.0679,202,173,1,85.9,79.1,6.8
Endocrinology,Colorectal_Screening,2024-Q1,0.8923,0.807,0.0853,80,71,1,89.2,80.7,8.5
Endocrinology,Colorectal_Screening,2024-Q2,0.869,0.7946,0.0744,580,504,1,86.9,79.5,7.4
Endocrinology,Colorectal_Screening,2024-Q3,0.91,0.8375,0.0725,413,376,1,91.0,83.8,7.2
Endocrinology,Colorectal_Screening,2024-Q4,0.8529,0.8139,0.039,596,508,1,85.3,81.4,3.9
Endocrinology,Colorectal_Screening,2025-Q1,0.8724,0.8173,0.0551,229,200,1,87.2,81.7,5.5
Endocrinology,Colorectal_Screening,2025-Q2,0.8473,0.8401,0.0072,567,480,1,84.7,84.0,0.7
Endocrinology,Colorectal_Screening,2025-Q3,0.9179,0.8772,0.0407,556,510,1,91.8,87.7,4.1
Endocrinology,Colorectal_Screening,2025-Q4,0.9154,0.8533,0.0621,515,471,1,91.5,85.3,6.2
Endocrinology,Mammography,2023-Q1,0.686,0.7844,-0.0984,304,209,0,68.6,78.4,-9.8
Endocrinology,Mammography,2023-Q2,0.6788,0.8046,-0.1258,333,226,0,67.9,80.5,-12.6
Endocrinology,Mammography,2023-Q3,0.6637,0.8562,-0.1925,474,315,0,66.4,85.6,-19.2
Endocrinology,Mammography,2023-Q4,0.6647,0.7741,-0.1094,591,393,0,66.5,77.4,-10.9
Endocrinology,Mammography,2024-Q1,0.6542,0.8183,-0.1641,590,386,0,65.4,81.8,-16.4
Endocrinology,Mammography,2024-Q2,0.6716,0.7906,-0.119,413,277,0,67.2,79.1,-11.9
Endocrinology,Mammography,2024-Q3,0.7036,0.8674,-0.1638,91,64,0,70.4,86.7,-16.4
Endocrinology,Mammography,2024-Q4,0.6944,0.8424,-0.148,136,94,0,69.4,84.2,-14.8
Endocrinology,Mammography,2025-Q1,0.6914,0.8235,-0.1321,379,262,0,69.1,82.4,-13.2
Endocrinology,Mammography,2025-Q2,0.7088,0.7499,-0.0411,452,320,0,70.9,75.0,-4.1
Endocrinology,Mammography,2025-Q3,0.6987,0.8191,-0.1204,534,373,0,69.9,81.9,-12.0
Endocrinology,Mammography,2025-Q4,0.7731,0.8268,-0.0537,489,378,0,77.3,82.7,-5.4
Endocrinology,Flu_Vaccine,2023-Q1,0.6059,0.8751,-0.2692,107,65,0,60.6,87.5,-26.9
Endocrinology,Flu_Vaccine,2023-Q2,0.6176,0.8235,-0.2059,97,60,0,61.8,82.4,-20.6
Endocrinology,Flu_Vaccine,2023-Q3,0.6624,0.8672,-0.2048,316,209,0,66.2,86.7,-20.5
Endocrinology,Flu_Vaccine,2023-Q4,0.6907,0.8279,-0.1372,231,160,0,69.1,82.8,-13.7
Endocrinology,Flu_Vaccine,2024-Q1,0.6319,0.7729,-0.141,231,146,0,63.2,77.3,-14.1
Endocrinology,Flu_Vaccine,2024-Q2,0.6758,0.7808,-0.105,242,164,0,67.6,78.1,-10.5
Endocrinology,Flu_Vaccine,2024-Q3,0.6945,0.7622,-0.0677,475,330,0,69.4,76.2,-6.8
Endocrinology,Flu_Vaccine,2024-Q4,0.7382,0.7428,-0.0046,420,310,0,73.8,74.3,-0.5
Endocrinology,Flu_Vaccine,2025-Q1,0.7001,0.8118,-0.1117,160,112,0,70.0,81.2,-11.2
Endocrinology,Flu_Vaccine,2025-Q2,0.7266,0.8328,-0.1062,515,374,0,72.7,83.3,-10.6
Endocrinology,Flu_Vaccine,2025-Q3,0.7356,0.79,-0.0544,149,110,0,73.6,79.0,-5.4
Endocrinology,Flu_Vaccine,2025-Q4,0.7011,0.7826,-0.0815,407,285,0,70.1,78.3,-8.2
Endocrinology,Statin_Therapy,2023-Q1,0.6497,0.8387,-0.189,532,346,0,65.0,83.9,-18.9
Endocrinology,Statin_Therapy,2023-Q2,0.6931,0.7296,-0.0365,403,279,0,69.3,73.0,-3.6
Endocrinology,Statin_Therapy,2023-Q3,0.6514,0.7997,-0.1483,551,359,0,65.1,80.0,-14.8
Endocrinology,Statin_Therapy,2023-Q4,0.6371,0.8207,-0.1836,598,381,0,63.7,82.1,-18.4
Endocrinology,Statin_Therapy,2024-Q1,0.6803,0.8208,-0.1405,391,266,0,68.0,82.1,-14.0
Endocrinology,Statin_Therapy,2024-Q2,0.6943,0.7013,-0.007,417,290,0,69.4,70.1,-0.7
Endocrinology,Statin_Therapy,2024-Q3,0.6906,0.8281,-0.1375,285,197,0,69.1,82.8,-13.8
Endocrinology,Statin_Therapy,2024-Q4,0.6576,0.8243,-0.1667,82,54,0,65.8,82.4,-16.7
Endocrinology,Statin_Therapy,2025-Q1,0.6878,0.7656,-0.0778,481,331,0,68.8,76.6,-7.8
Endocrinology,Statin_Therapy,2025-Q2,0.6932,0.761,-0.0678,568,394,0,69.3,76.1,-6.8
Endocrinology,Statin_Therapy,2025-Q3,0.7034,0.7255,-0.0221,302,212,0,70.3,72.6,-2.2
Endocrinology,Statin_Therapy,2025-Q4,0.7081,0.8567,-0.1486,459,325,0,70.8,85.7,-14.9
Endocrinology,Readmission_Rate,2023-Q1,0.5752,0.8257,-0.2505,104,60,0,57.5,82.6,-25.0
Endocrinology,Readmission_Rate,2023-Q2,0.5736,0.7629,-0.1893,274,157,0,57.4,76.3,-18.9
Endocrinology,Readmission_Rate,2023-Q3,0.5723,0.8534,-0.2811,498,285,0,57.2,85.3,-28.1
Endocrinology,Readmission_Rate,2023-Q4,0.6164,0.8091,-0.1927,539,332,0,61.6,80.9,-19.3
Endocrinology,Readmission_Rate,2024-Q1,0.6322,0.7327,-0.1005,211,133,0,63.2,73.3,-10.0
Endocrinology,Readmission_Rate,2024-Q2,0.5685,0.7963,-0.2278,405,230,0,56.8,79.6,-22.8
Endocrinology,Readmission_Rate,2024-Q3,0.5913,0.7699,-0.1786,328,194,0,59.1,77.0,-17.9
Endocrinology,Readmission_Rate,2024-Q4,0.6344,0.7995,-0.1651,108,69,0,63.4,80.0,-16.5
Endocrinology,Readmission_Rate,2025-Q1,0.6237,0.849,-0.2253,267,167,0,62.4,84.9,-22.5
Endocrinology,Readmission_Rate,2025-Q2,0.5841,0.787,-0.2029,421,246,0,58.4,78.7,-20.3
Endocrinology,Readmission_Rate,2025-Q3,0.6605,0.7404,-0.0799,239,158,0,66.0,74.0,-8.0
Endocrinology,Readmission_Rate,2025-Q4,0.6601,0.7201,-0.06,254,168,0,66.0,72.0,-6.0
Endocrinology,CAHPS_Composite,2023-Q1,0.6681,0.7186,-0.0505,327,218,0,66.8,71.9,-5.1
Endocrinology,CAHPS_Composite,2023-Q2,0.6871,0.7005,-0.0134,516,355,0,68.7,70.0,-1.3
Endocrinology,CAHPS_Composite,2023-Q3,0.7295,0.8239,-0.0944,116,85,0,73.0,82.4,-9.4
Endocrinology,CAHPS_Composite,2023-Q4,0.6881,0.8492,-0.1611,460,317,0,68.8,84.9,-16.1
Endocrinology,CAHPS_Composite,2024-Q1,0.6311,0.7955,-0.1644,114,72,0,63.1,79.6,-16.4
Endocrinology,CAHPS_Composite,2024-Q2,0.6695,0.7734,-0.1039,347,232,0,67.0,77.3,-10.4
Endocrinology,CAHPS_Composite,2024-Q3,0.6809,0.823,-0.1421,593,404,0,68.1,82.3,-14.2
Endocrinology,CAHPS_Composite,2024-Q4,0.6751,0.7368,-0.0617,515,348,0,67.5,73.7,-6.2
Endocrinology,CAHPS_Composite,2025-Q1,0.6946,0.8401,-0.1455,206,143,0,69.5,84.0,-14.6
Endocrinology,CAHPS_Composite,2025-Q2,0.6411,0.7762,-0.1351,245,157,0,64.1,77.6,-13.5
Endocrinology,CAHPS_Composite,2025-Q3,0.6534,0.7358,-0.0824,484,316,0,65.3,73.6,-8.2
Endocrinology,CAHPS_Composite,2025-Q4,0.6701,0.7766,-0.1065,503,337,0,67.0,77.7,-10.6
Pulmonology,BP_Control,2023-Q1,0.5652,0.7865,-0.2213,438,248,0,56.5,78.6,-22.1
Pulmonology,BP_Control,2023-Q2,0.6144,0.8015,-0.1871,539,331,0,61.4,80.2,-18.7
Pulmonology,BP_Control,2023-Q3,0.5643,0.8412,-0.2769,414,234,0,56.4,84.1,-27.7
Pulmonology,BP_Control,2023-Q4,0.6358,0.7523,-0.1165,83,53,0,63.6,75.2,-11.6
Pulmonology,BP_Control,2024-Q1,0.5803,0.7573,-0.177,532,309,0,58.0,75.7,-17.7
Pulmonology,BP_Control,2024-Q2,0.5917,0.7867,-0.195,213,126,0,59.2,78.7,-19.5
Pulmonology,BP_Control,2024-Q3,0.6305,0.7637,-0.1332,92,58,0,63.0,76.4,-13.3
Pulmonology,BP_Control,2024-Q4,0.6434,0.7529,-0.1095,263,169,0,64.3,75.3,-11.0
Pulmonology,BP_Control,2025-Q1,0.6279,0.7591,-0.1312,594,373,0,62.8,75.9,-13.1
Pulmonology,BP_Control,2025-Q2,0.624,0.7987,-0.1747,106,66,0,62.4,79.9,-17.5
Pulmonology,BP_Control,2025-Q3,0.6485,0.8131,-0.1646,407,264,0,64.8,81.3,-16.5
Pulmonology,BP_Control,2025-Q4,0.6109,0.8451,-0.2342,538,329,0,61.1,84.5,-23.4
Pulmonology,HbA1c_Testing,2023-Q1,0.6649,0.7907,-0.1258,448,298,0,66.5,79.1,-12.6
Pulmonology,HbA1c_Testing,2023-Q2,0.6266,0.8412,-0.2146,232,145,0,62.7,84.1,-21.5
Pulmonology,HbA1c_Testing,2023-Q3,0.6376,0.7084,-0.0708,101,64,0,63.8,70.8,-7.1
Pulmonology,HbA1c_Testing,2023-Q4,0.6151,0.7275,-0.1124,196,121,0,61.5,72.8,-11.2
Pulmonology,HbA1c_Testing,2024-Q1,0.646,0.703,-0.057,373,241,0,64.6,70.3,-5.7
Pulmonology,HbA1c_Testing,2024-Q2,0.6182,0.7154,-0.0972,140,87,0,61.8,71.5,-9.7
Pulmonology,HbA1c_Testing,2024-Q3,0.6598,0.8421,-0.1823,390,257,0,66.0,84.2,-18.2
Pulmonology,HbA1c_Testing,2024-Q4,0.6498,0.8044,-0.1546,199,129,0,65.0,80.4,-15.5
Pulmonology,HbA1c_Testing,2025-Q1,0.6523,0.7731,-0.1208,94,61,0,65.2,77.3,-12.1
Pulmonology,HbA1c_Testing,2025-Q2,0.6164,0.7941,-0.1777,201,124,0,61.6,79.4,-17.8
Pulmonology,HbA1c_Testing,2025-Q3,0.6449,0.7771,-0.1322,197,127,0,64.5,77.7,-13.2
Pulmonology,HbA1c_Testing,2025-Q4,0.6418,0.7155,-0.0737,455,292,0,64.2,71.6,-7.4
Pulmonology,Colorectal_Screening,2023-Q1,0.7726,0.7161,0.0565,371,287,1,77.3,71.6,5.6
Pulmonology,Colorectal_Screening,2023-Q2,0.8113,0.703,0.1083,362,294,1,81.1,70.3,10.8
Pulmonology,Colorectal_Screening,2023-Q3,0.8253,0.7793,0.046,444,366,1,82.5,77.9,4.6
Pulmonology,Colorectal_Screening,2023-Q4,0.8168,0.7081,0.1087,122,100,1,81.7,70.8,10.9
Pulmonology,Colorectal_Screening,2024-Q1,0.8414,0.8569,-0.0155,399,336,0,84.1,85.7,-1.6
Pulmonology,Colorectal_Screening,2024-Q2,0.8541,0.7604,0.0937,388,331,1,85.4,76.0,9.4
Pulmonology,Colorectal_Screening,2024-Q3,0.8882,0.7061,0.1821,221,196,1,88.8,70.6,18.2
Pulmonology,Colorectal_Screening,2024-Q4,0.8748,0.7234,0.1514,569,498,1,87.5,72.3,15.1
Pulmonology,Colorectal_Screening,2025-Q1,0.9177,0.7042,0.2135,118,108,1,91.8,70.4,21.3
Pulmonology,Colorectal_Screening,2025-Q2,0.9212,0.8668,0.0544,473,436,1,92.1,86.7,5.4
Pulmonology,Colorectal_Screening,2025-Q3,0.9492,0.7558,0.1934,395,375,1,94.9,75.6,19.3
Pulmonology,Colorectal_Screening,2025-Q4,0.9279,0.8123,0.1156,420,390,1,92.8,81.2,11.6
Pulmonology,Mammography,2023-Q1,0.7208,0.8253,-0.1045,598,431,0,72.1,82.5,-10.4
Pulmonology,Mammography,2023-Q2,0.714,0.8702,-0.1562,310,221,0,71.4,87.0,-15.6
Pulmonology,Mammography,2023-Q3,0.7335,0.8419,-0.1084,483,354,0,73.4,84.2,-10.8
Pulmonology,Mammography,2023-Q4,0.7212,0.738,-0.0168,302,218,0,72.1,73.8,-1.7
Pulmonology,Mammography,2024-Q1,0.7628,0.7726,-0.0098,578,441,0,76.3,77.3,-1.0
Pulmonology,Mammography,2024-Q2,0.7474,0.7252,0.0222,248,185,1,74.7,72.5,2.2
Pulmonology,Mammography,2024-Q3,0.7282,0.7548,-0.0266,413,301,0,72.8,75.5,-2.7
Pulmonology,Mammography,2024-Q4,0.7437,0.8388,-0.0951,179,133,0,74.4,83.9,-9.5
Pulmonology,Mammography,2025-Q1,0.7147,0.7872,-0.0725,306,219,0,71.5,78.7,-7.2
Pulmonology,Mammography,2025-Q2,0.7487,0.7424,0.0063,146,109,1,74.9,74.2,0.6
Pulmonology,Mammography,2025-Q3,0.7748,0.8408,-0.066,383,297,0,77.5,84.1,-6.6
Pulmonology,Mammography,2025-Q4,0.7351,0.8568,-0.1217,268,197,0,73.5,85.7,-12.2
Pulmonology,Flu_Vaccine,2023-Q1,0.6711,0.857,-0.1859,496,333,0,67.1,85.7,-18.6
Pulmonology,Flu_Vaccine,2023-Q2,0.6835,0.7722,-0.0887,333,228,0,68.4,77.2,-8.9
Pulmonology,Flu_Vaccine,2023-Q3,0.6848,0.8208,-0.136,116,79,0,68.5,82.1,-13.6
Pulmonology,Flu_Vaccine,2023-Q4,0.6942,0.8387,-0.1445,115,80,0,69.4,83.9,-14.4
Pulmonology,Flu_Vaccine,2024-Q1,0.7058,0.7468,-0.041,296,209,0,70.6,74.7,-4.1
Pulmonology,Flu_Vaccine,2024-Q2,0.7333,0.8065,-0.0732,98,72,0,73.3,80.6,-7.3
Pulmonology,Flu_Vaccine,2024-Q3,0.7265,0.7492,-0.0227,507,368,0,72.6,74.9,-2.3
Pulmonology,Flu_Vaccine,2024-Q4,0.7352,0.7892,-0.054,249,183,0,73.5,78.9,-5.4
Pulmonology,Flu_Vaccine,2025-Q1,0.7217,0.8516,-0.1299,186,134,0,72.2,85.2,-13.0
Pulmonology,Flu_Vaccine,2025-Q2,0.7506,0.7543,-0.0037,465,349,0,75.1,75.4,-0.4
Pulmonology,Flu_Vaccine,2025-Q3,0.7685,0.7197,0.0488,528,406,1,76.8,72.0,4.9
Pulmonology,Flu_Vaccine,2025-Q4,0.7492,0.7092,0.04,594,445,1,74.9,70.9,4.0
Pulmonology,Statin_Therapy,2023-Q1,0.8972,0.7896,0.1076,94,84,1,89.7,79.0,10.8
Pulmonology,Statin_Therapy,2023-Q2,0.9058,0.8714,0.0344,593,537,1,90.6,87.1,3.4
Pulmonology,Statin_Therapy,2023-Q3,0.9021,0.8743,0.0278,487,439,1,90.2,87.4,2.8
Pulmonology,Statin_Therapy,2023-Q4,0.9245,0.8745,0.05,185,171,1,92.4,87.4,5.0
Pulmonology,Statin_Therapy,2024-Q1,0.9078,0.7401,0.1677,98,89,1,90.8,74.0,16.8
Pulmonology,Statin_Therapy,2024-Q2,0.885,0.7414,0.1436,381,337,1,88.5,74.1,14.4
Pulmonology,Statin_Therapy,2024-Q3,0.8873,0.7684,0.1189,191,169,1,88.7,76.8,11.9
Pulmonology,Statin_Therapy,2024-Q4,0.8923,0.8223,0.07,178,159,1,89.2,82.2,7.0
Pulmonology,Statin_Therapy,2025-Q1,0.8853,0.7657,0.1196,183,162,1,88.5,76.6,12.0
Pulmonology,Statin_Therapy,2025-Q2,0.8851,0.7686,0.1165,413,366,1,88.5,76.9,11.6
Pulmonology,Statin_Therapy,2025-Q3,0.8886,0.747,0.1416,498,443,1,88.9,74.7,14.2
Pulmonology,Statin_Therapy,2025-Q4,0.898,0.7693,0.1287,237,213,1,89.8,76.9,12.9
Pulmonology,Readmission_Rate,2023-Q1,0.6803,0.7279,-0.0476,437,297,0,68.0,72.8,-4.8
Pulmonology,Readmission_Rate,2023-Q2,0.6894,0.7394,-0.05,190,131,0,68.9,73.9,-5.0
Pulmonology,Readmission_Rate,2023-Q3,0.6856,0.7229,-0.0373,492,337,0,68.6,72.3,-3.7
Pulmonology,Readmission_Rate,2023-Q4,0.6514,0.8068,-0.1554,543,354,0,65.1,80.7,-15.5
Pulmonology,Readmission_Rate,2024-Q1,0.7051,0.771,-0.0659,245,173,0,70.5,77.1,-6.6
Pulmonology,Readmission_Rate,2024-Q2,0.7132,0.8416,-0.1284,443,316,0,71.3,84.2,-12.8
Pulmonology,Readmission_Rate,2024-Q3,0.6935,0.867,-0.1735,396,275,0,69.4,86.7,-17.3
Pulmonology,Readmission_Rate,2024-Q4,0.702,0.7879,-0.0859,452,317,0,70.2,78.8,-8.6
Pulmonology,Readmission_Rate,2025-Q1,0.7158,0.7067,0.0091,141,101,1,71.6,70.7,0.9
Pulmonology,Readmission_Rate,2025-Q2,0.7125,0.8136,-0.1011,597,425,0,71.2,81.4,-10.1
Pulmonology,Readmission_Rate,2025-Q3,0.6827,0.811,-0.1283,542,370,0,68.3,81.1,-12.8
Pulmonology,Readmission_Rate,2025-Q4,0.7069,0.7216,-0.0147,317,224,0,70.7,72.2,-1.5
Pulmonology,CAHPS_Composite,2023-Q1,0.8017,0.7606,0.0411,587,471,1,80.2,76.1,4.1
Pulmonology,CAHPS_Composite,2023-Q2,0.8012,0.7169,0.0843,514,412,1,80.1,71.7,8.4
Pulmonology,CAHPS_Composite,2023-Q3,0.7763,0.7066,0.0697,364,283,1,77.6,70.7,7.0
Pulmonology,CAHPS_Composite,2023-Q4,0.8099,0.731,0.0789,164,133,1,81.0,73.1,7.9
Pulmonology,CAHPS_Composite,2024-Q1,0.7911,0.7477,0.0434,338,267,1,79.1,74.8,4.3
Pulmonology,CAHPS_Composite,2024-Q2,0.777,0.7806,-0.0036,507,394,0,77.7,78.1,-0.4
Pulmonology,CAHPS_Composite,2024-Q3,0.7639,0.7599,0.004,351,268,1,76.4,76.0,0.4
Pulmonology,CAHPS_Composite,2024-Q4,0.729,0.7472,-0.0182,187,136,0,72.9,74.7,-1.8
Pulmonology,CAHPS_Composite,2025-Q1,0.7688,0.7666,0.0022,520,400,1,76.9,76.7,0.2
Pulmonology,CAHPS_Composite,2025-Q2,0.7772,0.747,0.0302,433,337,1,77.7,74.7,3.0
Pulmonology,CAHPS_Composite,2025-Q3,0.7753,0.8228,-0.0475,592,459,0,77.5,82.3,-4.8
Pulmonology,CAHPS_Composite,2025-Q4,0.8137,0.8332,-0.0195,226,184,0,81.4,83.3,-2.0
Nephrology,BP_Control,2023-Q1,0.7746,0.8329,-0.0583,372,288,0,77.5,83.3,-5.8
Nephrology,BP_Control,2023-Q2,0.7882,0.8311,-0.0429,457,360,0,78.8,83.1,-4.3
Nephrology,BP_Control,2023-Q3,0.8311,0.7463,0.0848,197,164,1,83.1,74.6,8.5
Nephrology,BP_Control,2023-Q4,0.7853,0.8503,-0.065,554,435,0,78.5,85.0,-6.5
Nephrology,BP_Control,2024-Q1,0.8161,0.8004,0.0157,340,277,1,81.6,80.0,1.6
Nephrology,BP_Control,2024-Q2,0.7996,0.8071,-0.0075,576,461,0,80.0,80.7,-0.8
Nephrology,BP_Control,2024-Q3,0.8257,0.8491,-0.0234,218,180,0,82.6,84.9,-2.3
Nephrology,BP_Control,2024-Q4,0.8652,0.7038,0.1614,273,236,1,86.5,70.4,16.1
Nephrology,BP_Control,2025-Q1,0.8961,0.8459,0.0502,276,247,1,89.6,84.6,5.0
Nephrology,BP_Control,2025-Q2,0.8766,0.78,0.0966,481,422,1,87.7,78.0,9.7
Nephrology,BP_Control,2025-Q3,0.889,0.8676,0.0214,248,220,1,88.9,86.8,2.1
Nephrology,BP_Control,2025-Q4,0.9044,0.7562,0.1482,257,232,1,90.4,75.6,14.8
Nephrology,HbA1c_Testing,2023-Q1,0.8491,0.7004,0.1487,577,490,1,84.9,70.0,14.9
Nephrology,HbA1c_Testing,2023-Q2,0.8472,0.7506,0.0966,203,172,1,84.7,75.1,9.7
Nephrology,HbA1c_Testing,2023-Q3,0.8459,0.756,0.0899,347,294,1,84.6,75.6,9.0
Nephrology,HbA1c_Testing,2023-Q4,0.9078,0.8521,0.0557,356,323,1,90.8,85.2,5.6
Nephrology,HbA1c_Testing,2024-Q1,0.8723,0.7006,0.1717,254,222,1,87.2,70.1,17.2
Nephrology,HbA1c_Testing,2024-Q2,0.8938,0.7784,0.1154,206,184,1,89.4,77.8,11.5
Nephrology,HbA1c_Testing,2024-Q3,0.8852,0.7343,0.1509,275,243,1,88.5,73.4,15.1
Nephrology,HbA1c_Testing,2024-Q4,0.9106,0.7508,0.1598,413,376,1,91.1,75.1,16.0
Nephrology,HbA1c_Testing,2025-Q1,0.914,0.7636,0.1504,474,433,1,91.4,76.4,15.0
Nephrology,HbA1c_Testing,2025-Q2,0.9423,0.7155,0.2268,282,266,1,94.2,71.6,22.7
Nephrology,HbA1c_Testing,2025-Q3,0.9171,0.7258,0.1913,520,477,1,91.7,72.6,19.1
Nephrology,HbA1c_Testing,2025-Q4,0.947,0.8296,0.1174,170,161,1,94.7,83.0,11.7
Nephrology,Colorectal_Screening,2023-Q1,0.6082,0.7221,-0.1139,448,272,0,60.8,72.2,-11.4
Nephrology,Colorectal_Screening,2023-Q2,0.6602,0.762,-0.1018,89,59,0,66.0,76.2,-10.2
Nephrology,Colorectal_Screening,2023-Q3,0.6055,0.8036,-0.1981,440,266,0,60.6,80.4,-19.8
Nephrology,Colorectal_Screening,2023-Q4,0.6508,0.7492,-0.0984,215,140,0,65.1,74.9,-9.8
Nephrology,Colorectal_Screening,2024-Q1,0.6425,0.8567,-0.2142,450,289,0,64.2,85.7,-21.4
Nephrology,Colorectal_Screening,2024-Q2,0.6434,0.8391,-0.1957,572,368,0,64.3,83.9,-19.6
Nephrology,Colorectal_Screening,2024-Q3,0.6666,0.7611,-0.0945,456,304,0,66.7,76.1,-9.4
Nephrology,Colorectal_Screening,2024-Q4,0.6458,0.7724,-0.1266,595,384,0,64.6,77.2,-12.7
Nephrology,Colorectal_Screening,2025-Q1,0.629,0.815,-0.186,360,226,0,62.9,81.5,-18.6
Nephrology,Colorectal_Screening,2025-Q2,0.6799,0.8165,-0.1366,256,174,0,68.0,81.6,-13.7
Nephrology,Colorectal_Screening,2025-Q3,0.6417,0.8255,-0.1838,529,339,0,64.2,82.6,-18.4
Nephrology,Colorectal_Screening,2025-Q4,0.6645,0.7281,-0.0636,153,102,0,66.4,72.8,-6.4
Nephrology,Mammography,2023-Q1,0.6329,0.7552,-0.1223,268,170,0,63.3,75.5,-12.2
Nephrology,Mammography,2023-Q2,0.6099,0.8182,-0.2083,296,181,0,61.0,81.8,-20.8
Nephrology,Mammography,2023-Q3,0.6365,0.788,-0.1515,187,119,0,63.6,78.8,-15.2
Nephrology,Mammography,2023-Q4,0.645,0.832,-0.187,334,215,0,64.5,83.2,-18.7
Nephrology,Mammography,2024-Q1,0.6186,0.7273,-0.1087,561,347,0,61.9,72.7,-10.9
Nephrology,Mammography,2024-Q2,0.6159,0.7285,-0.1126,333,205,0,61.6,72.9,-11.3
Nephrology,Mammography,2024-Q3,0.6017,0.7439,-0.1422,499,300,0,60.2,74.4,-14.2
Nephrology,Mammography,2024-Q4,0.6444,0.7226,-0.0782,537,346,0,64.4,72.3,-7.8
Nephrology,Mammography,2025-Q1,0.5969,0.8649,-0.268,519,310,0,59.7,86.5,-26.8
Nephrology,Mammography,2025-Q2,0.614,0.779,-0.165,524,322,0,61.4,77.9,-16.5
Nephrology,Mammography,2025-Q3,0.6166,0.8588,-0.2422,423,261,0,61.7,85.9,-24.2
Nephrology,Mammography,2025-Q4,0.6089,0.8641,-0.2552,600,365,0,60.9,86.4,-25.5
Nephrology,Flu_Vaccine,2023-Q1,0.8833,0.852,0.0313,474,419,1,88.3,85.2,3.1
Nephrology,Flu_Vaccine,2023-Q2,0.8209,0.7967,0.0242,537,441,1,82.1,79.7,2.4
Nephrology,Flu_Vaccine,2023-Q3,0.8748,0.8152,0.0596,548,479,1,87.5,81.5,6.0
Nephrology,Flu_Vaccine,2023-Q4,0.8961,0.8355,0.0606,234,210,1,89.6,83.6,6.1
Nephrology,Flu_Vaccine,2024-Q1,0.918,0.8756,0.0424,376,345,1,91.8,87.6,4.2
Nephrology,Flu_Vaccine,2024-Q2,0.9186,0.7483,0.1703,278,255,1,91.9,74.8,17.0
Nephrology,Flu_Vaccine,2024-Q3,0.9058,0.8417,0.0641,286,259,1,90.6,84.2,6.4
Nephrology,Flu_Vaccine,2024-Q4,0.9482,0.7751,0.1731,434,412,1,94.8,77.5,17.3
Nephrology,Flu_Vaccine,2025-Q1,0.9364,0.8147,0.1217,586,549,1,93.6,81.5,12.2
Nephrology,Flu_Vaccine,2025-Q2,0.9371,0.7283,0.2088,492,461,1,93.7,72.8,20.9
Nephrology,Flu_Vaccine,2025-Q3,0.9005,0.7736,0.1269,346,312,1,90.0,77.4,12.7
Nephrology,Flu_Vaccine,2025-Q4,0.9348,0.8277,0.1071,84,79,1,93.5,82.8,10.7
Nephrology,Statin_Therapy,2023-Q1,0.8545,0.7728,0.0817,512,438,1,85.4,77.3,8.2
Nephrology,Statin_Therapy,2023-Q2,0.8657,0.8616,0.0041,593,513,1,86.6,86.2,0.4
Nephrology,Statin_Therapy,2023-Q3,0.8875,0.7377,0.1498,271,241,1,88.8,73.8,15.0
Nephrology,Statin_Therapy,2023-Q4,0.9198,0.7057,0.2141,157,144,1,92.0,70.6,21.4
Nephrology,Statin_Therapy,2024-Q1,0.8701,0.7714,0.0987,291,253,1,87.0,77.1,9.9
Nephrology,Statin_Therapy,2024-Q2,0.8881,0.8574,0.0307,575,511,1,88.8,85.7,3.1
Nephrology,Statin_Therapy,2024-Q3,0.9042,0.781,0.1232,95,86,1,90.4,78.1,12.3
Nephrology,Statin_Therapy,2024-Q4,0.8927,0.7615,0.1312,389,347,1,89.3,76.1,13.1
Nephrology,Statin_Therapy,2025-Q1,0.8977,0.7074,0.1903,292,262,1,89.8,70.7,19.0
Nephrology,Statin_Therapy,2025-Q2,0.8991,0.7998,0.0993,306,275,1,89.9,80.0,9.9
Nephrology,Statin_Therapy,2025-Q3,0.8856,0.7341,0.1515,184,163,1,88.6,73.4,15.2
Nephrology,Statin_Therapy,2025-Q4,0.8965,0.8178,0.0787,178,160,1,89.6,81.8,7.9
Nephrology,Readmission_Rate,2023-Q1,0.712,0.7725,-0.0605,91,65,0,71.2,77.2,-6.0
Nephrology,Readmission_Rate,2023-Q2,0.7762,0.7284,0.0478,513,398,1,77.6,72.8,4.8
Nephrology,Readmission_Rate,2023-Q3,0.7148,0.7243,-0.0095,139,99,0,71.5,72.4,-1.0
Nephrology,Readmission_Rate,2023-Q4,0.7425,0.8564,-0.1139,307,228,0,74.2,85.6,-11.4
Nephrology,Readmission_Rate,2024-Q1,0.75,0.7901,-0.0401,454,340,0,75.0,79.0,-4.0
Nephrology,Readmission_Rate,2024-Q2,0.7552,0.8719,-0.1167,153,116,0,75.5,87.2,-11.7
Nephrology,Readmission_Rate,2024-Q3,0.7218,0.7199,0.0019,362,261,1,72.2,72.0,0.2
Nephrology,Readmission_Rate,2024-Q4,0.7369,0.8395,-0.1026,326,240,0,73.7,84.0,-10.3
Nephrology,Readmission_Rate,2025-Q1,0.7273,0.8014,-0.0741,176,128,0,72.7,80.1,-7.4
Nephrology,Readmission_Rate,2025-Q2,0.7336,0.7647,-0.0311,331,243,0,73.4,76.5,-3.1
Nephrology,Readmission_Rate,2025-Q3,0.6944,0.7468,-0.0524,168,117,0,69.4,74.7,-5.2
Nephrology,Readmission_Rate,2025-Q4,0.6918,0.8548,-0.163,166,115,0,69.2,85.5,-16.3
Nephrology,CAHPS_Composite,2023-Q1,0.5824,0.7767,-0.1943,592,345,0,58.2,77.7,-19.4
Nephrology,CAHPS_Composite,2023-Q2,0.5929,0.7756,-0.1827,267,158,0,59.3,77.6,-18.3
Nephrology,CAHPS_Composite,2023-Q3,0.5755,0.7424,-0.1669,469,270,0,57.6,74.2,-16.7
Nephrology,CAHPS_Composite,2023-Q4,0.6226,0.7636,-0.141,376,234,0,62.3,76.4,-14.1
Nephrology,CAHPS_Composite,2024-Q1,0.5967,0.7715,-0.1748,224,134,0,59.7,77.1,-17.5
Nephrology,CAHPS_Composite,2024-Q2,0.5911,0.7739,-0.1828,258,153,0,59.1,77.4,-18.3
Nephrology,CAHPS_Composite,2024-Q3,0.6138,0.8458,-0.232,398,244,0,61.4,84.6,-23.2
Nephrology,CAHPS_Composite,2024-Q4,0.6175,0.8553,-0.2378,586,362,0,61.8,85.5,-23.8
Nephrology,CAHPS_Composite,2025-Q1,0.6273,0.7994,-0.1721,214,134,0,62.7,79.9,-17.2
Nephrology,CAHPS_Composite,2025-Q2,0.5937,0.726,-0.1323,424,252,0,59.4,72.6,-13.2
Nephrology,CAHPS_Composite,2025-Q3,0.6017,0.7189,-0.1172,229,138,0,60.2,71.9,-11.7
Nephrology,CAHPS_Composite,2025-Q4,0.6069,0.8564,-0.2495,516,313,0,60.7,85.6,-25.0
